Marital status;Application mode;Application order;Course;Daytime/evening attendance	;Previous qualification;Previous qualification (grade);Nacionality;Mother's qualification;Father's qualification;Mother's occupation;Father's occupation;Admission grade;Displaced;Educational special needs;Debtor;Tuition fees up to date;Gender;Scholarship holder;Age at enrollment;International;Unemployment rate;Inflation rate;GDP
1;17;5;171;1;1;122.0;1;19;12;5;9;127.3;1;0;0;1;1;0;20;0;10.8;1.4;1.74
1;1;5;9070;1;1;122.0;1;37;37;9;9;124.8;1;0;0;0;1;0;19;0;10.8;1.4;1.74
1;18;4;9254;1;1;119.0;1;37;37;9;9;113.1;1;0;0;0;1;0;22;0;15.5;2.8;-4.06
1;1;1;9238;1;1;138.0;1;1;19;4;7;123.0;1;0;1;0;0;0;18;0;8.9;1.4;3.51
1;1;2;9853;1;1;133.0;1;19;37;4;9;130.2;1;0;0;1;0;0;19;0;12.7;3.7;-1.7
1;1;1;9773;1;1;127.0;1;19;37;9;3;120.7;1;0;0;1;0;0;20;0;15.5;2.8;-4.06
1;39;1;33;1;1;130.0;1;38;37;9;6;102.5;0;0;1;0;1;0;37;0;8.9;1.4;3.51
1;39;1;9119;1;10;133.1;1;34;37;0;0;128.8;1;0;0;1;1;0;43;0;7.6;2.6;0.32
1;43;1;9147;1;1;140.0;1;37;37;6;6;122.9;0;0;0;1;0;0;55;0;16.2;0.3;-0.92
1;44;1;9130;1;39;120.0;6;4;4;3;6;120.0;0;0;1;0;0;0;20;1;12.4;0.5;1.79
1;1;5;9773;1;1;126.0;1;3;3;2;2;121.1;0;0;1;1;0;0;18;0;12.7;3.7;-1.7
1;17;1;9773;1;1;120.0;1;1;38;5;5;121.4;0;0;0;0;0;0;20;0;12.4;0.5;1.79
1;39;1;9991;0;1;133.1;1;37;37;9;9;109.7;0;0;0;1;0;0;29;0;16.2;0.3;-0.92
1;39;1;9991;0;1;130.0;1;38;38;9;9;120.0;0;0;0;1;0;0;27;0;9.4;-0.8;-3.12
2;7;1;9254;1;3;130.0;1;1;3;4;3;130.0;0;0;0;1;0;0;39;0;12.4;0.5;1.79
1;39;1;9130;1;40;129.0;1;3;3;2;2;155.3;1;0;0;1;0;0;27;0;12.4;0.5;1.79
4;42;1;9500;1;19;133.1;1;1;1;5;5;126.0;1;0;0;1;1;0;29;0;13.9;-0.3;0.79
1;1;3;9147;1;1;125.0;1;1;38;7;7;120.1;0;0;1;1;1;0;19;0;16.2;0.3;-0.92
1;1;1;171;1;1;141.0;1;19;19;5;10;135.8;1;0;0;1;1;0;19;0;15.5;2.8;-4.06
1;17;4;9254;1;1;118.0;1;38;37;5;7;111.7;1;0;0;1;1;0;18;0;12.4;0.5;1.79
1;17;3;9147;1;1;120.0;1;19;19;4;7;115.5;1;0;1;1;1;0;18;0;10.8;1.4;1.74
1;18;4;9254;1;1;106.0;1;19;37;7;7;106.0;1;0;0;1;1;1;21;0;9.4;-0.8;-3.12
1;1;6;9853;1;1;114.0;1;19;19;9;9;110.2;1;0;0;1;1;0;20;0;10.8;1.4;1.74
1;39;1;9991;0;2;140.0;1;3;3;2;2;155.7;1;0;0;1;1;0;35;0;10.8;1.4;1.74
1;39;1;9003;1;4;160.0;1;3;3;4;2;180.4;0;0;1;1;1;0;24;0;12.4;0.5;1.79
1;39;1;9500;1;1;133.1;1;1;1;4;10;100.8;0;0;0;1;1;0;24;0;13.9;-0.3;0.79
1;15;1;9130;1;1;133.1;41;1;1;4;4;100.0;0;0;0;1;0;0;26;1;8.9;1.4;3.51
2;39;1;9853;1;10;133.1;1;37;34;0;0;115.5;0;0;0;1;0;0;39;0;7.6;2.6;0.32
1;1;4;9500;1;1;115.0;1;3;3;2;2;111.5;1;0;1;0;0;0;19;0;13.9;-0.3;0.79
1;53;1;9085;1;42;130.0;1;38;38;9;9;128.8;0;0;0;1;0;0;21;0;8.9;1.4;3.51
2;39;1;8014;0;1;130.0;1;37;37;6;5;113.5;1;0;0;1;0;0;36;0;9.4;-0.8;-3.12
1;18;1;9853;1;1;123.0;1;19;19;9;7;117.4;1;0;0;1;0;0;19;0;11.1;0.6;2.02
1;1;2;9238;1;1;122.0;1;37;38;4;7;118.2;1;0;0;1;0;0;19;0;16.2;0.3;-0.92
1;1;1;9085;1;1;113.0;1;1;1;4;4;106.7;1;0;0;1;0;0;20;0;15.5;2.8;-4.06
1;1;5;9500;1;1;111.0;1;3;4;4;3;108.2;1;0;0;1;0;0;20;0;12.4;0.5;1.79
1;17;2;9500;1;1;122.0;1;37;37;9;9;131.0;1;0;0;1;0;0;18;0;7.6;2.6;0.32
1;17;1;9254;1;1;133.1;1;1;1;4;5;131.0;1;0;0;1;0;0;21;0;9.4;-0.8;-3.12
1;1;1;171;1;1;137.0;1;3;19;2;9;122.3;0;0;0;1;0;0;19;0;10.8;1.4;1.74
1;17;6;9556;1;1;122.0;1;1;1;4;5;117.1;1;0;0;1;0;0;19;0;13.9;-0.3;0.79
1;1;3;9500;1;1;138.0;1;19;19;5;8;124.9;1;0;0;1;0;1;18;0;13.9;-0.3;0.79
1;17;6;9500;1;1;148.0;1;1;19;3;3;131.7;1;0;0;1;0;0;19;0;13.9;-0.3;0.79
1;1;1;9670;1;1;117.0;1;1;38;3;9;109.3;0;0;1;0;0;1;19;0;12.4;0.5;1.79
1;1;4;9254;1;1;132.0;1;12;19;9;9;124.7;1;0;0;1;0;0;19;0;7.6;2.6;0.32
1;17;1;9254;1;1;113.0;1;1;37;9;10;117.2;1;0;0;1;0;0;20;0;7.6;2.6;0.32
1;43;1;9853;1;1;115.0;1;3;37;2;5;108.7;1;0;0;1;0;0;21;0;9.4;-0.8;-3.12
1;1;1;9853;1;1;129.0;1;38;37;6;6;138.1;0;0;0;1;0;0;19;0;7.6;2.6;0.32
1;1;1;9670;1;1;128.0;1;19;1;4;1;118.2;0;0;0;1;0;0;19;0;10.8;1.4;1.74
1;17;5;9853;1;1;132.0;1;12;12;4;4;123.3;1;0;0;1;0;0;21;0;10.8;1.4;1.74
1;43;1;9238;1;1;125.0;1;19;19;4;8;117.0;1;0;0;1;0;0;21;0;16.2;0.3;-0.92
1;17;2;9254;1;1;125.0;1;37;37;9;8;122.6;1;0;1;0;0;0;20;0;11.1;0.6;2.02
1;1;2;9500;1;1;123.0;1;34;34;90;90;113.3;1;0;0;1;0;0;20;0;7.6;2.6;0.32
1;1;5;9853;1;1;141.0;1;37;19;9;5;133.0;1;0;0;1;0;0;18;0;9.4;-0.8;-3.12
1;7;1;9500;1;3;140.0;1;1;1;9;5;140.0;0;0;0;1;0;0;33;0;16.2;0.3;-0.92
1;39;1;9773;1;19;133.1;1;19;19;3;4;104.0;0;0;1;0;0;0;27;0;11.1;0.6;2.02
1;18;3;9070;1;1;131.0;1;1;37;5;5;122.3;1;0;0;0;0;0;19;0;15.5;2.8;-4.06
1;17;2;9254;1;1;143.0;1;1;19;4;6;135.0;0;0;0;1;0;0;20;0;11.1;0.6;2.02
1;18;2;9147;1;1;132.0;1;3;3;5;7;119.1;1;0;1;0;0;0;20;0;10.8;1.4;1.74
1;39;1;9085;1;1;133.1;1;1;19;9;9;162.3;1;0;0;1;0;0;24;0;8.9;1.4;3.51
1;39;1;9147;1;1;140.0;1;12;3;4;3;118.0;1;0;0;1;0;0;24;0;7.6;2.6;0.32
1;51;1;9853;1;1;139.0;1;1;1;4;10;134.0;0;0;0;1;0;0;21;0;12.4;0.5;1.79
1;39;1;9991;0;40;130.0;1;19;1;3;4;152.0;1;0;0;1;0;0;27;0;8.9;1.4;3.51
1;7;1;9119;1;3;150.0;1;3;2;2;2;150.0;0;0;0;1;0;0;35;0;13.9;-0.3;0.79
1;39;1;9254;1;19;133.1;1;3;19;2;3;124.5;0;0;0;1;0;1;36;0;16.2;0.3;-0.92
1;39;1;9991;0;1;133.1;1;37;37;9;9;126.3;0;0;0;1;0;1;26;0;16.2;0.3;-0.92
1;39;1;8014;0;1;120.0;1;19;37;8;7;100.0;1;0;0;1;0;0;24;0;9.4;-0.8;-3.12
1;39;1;8014;0;1;133.1;1;1;19;5;4;102.5;0;0;0;1;0;1;27;0;8.9;1.4;3.51
1;17;1;9085;1;1;121.0;1;19;37;1;3;131.5;0;0;0;1;0;0;21;0;7.6;2.6;0.32
1;1;3;9254;1;1;115.0;1;1;1;3;3;117.5;1;0;0;1;0;0;18;0;9.4;-0.8;-3.12
1;39;2;9670;1;1;140.0;1;34;34;0;0;97.0;1;0;0;1;0;0;28;0;7.6;2.6;0.32
1;39;1;9254;1;3;133.1;1;19;19;4;6;130.5;0;0;0;1;0;0;38;0;15.5;2.8;-4.06
1;1;1;9147;1;1;133.1;1;37;1;9;10;100.0;0;0;0;1;0;0;21;0;16.2;0.3;-0.92
1;1;1;9130;1;1;126.0;1;19;1;9;9;122.5;1;0;0;0;0;0;25;0;9.4;-0.8;-3.12
1;39;1;9085;1;19;133.1;1;19;19;9;7;140.0;0;0;1;0;0;0;24;0;16.2;0.3;-0.92
1;39;1;9147;1;1;120.0;1;37;1;9;1;122.7;0;0;0;0;0;0;25;0;10.8;1.4;1.74
1;44;1;9003;1;39;130.0;1;37;37;9;10;130.0;0;0;1;0;0;0;29;0;13.9;-0.3;0.79
1;1;3;9773;1;1;131.0;1;38;37;7;7;127.2;1;0;0;1;0;1;18;0;8.9;1.4;3.51
2;39;1;9556;1;19;133.1;1;38;37;7;7;99.5;1;0;1;0;0;1;37;0;8.9;1.4;3.51
1;43;1;9238;1;1;124.0;1;1;1;3;1;118.8;1;0;1;0;0;0;22;0;16.2;0.3;-0.92
1;39;1;8014;0;1;100.0;1;37;37;99;99;100.0;0;0;0;1;0;0;34;0;12.7;3.7;-1.7
1;43;1;9119;1;1;130.0;1;37;38;9;9;120.0;0;0;1;0;0;0;30;0;7.6;2.6;0.32
1;1;2;9147;1;1;121.0;1;1;19;9;9;113.7;1;0;0;0;0;0;20;0;7.6;2.6;0.32
1;42;1;9853;1;1;120.0;1;37;38;3;3;113.7;0;0;0;1;0;0;20;0;12.7;3.7;-1.7
2;7;1;9130;1;3;140.0;1;5;4;2;0;140.0;0;0;1;0;0;0;29;0;7.6;2.6;0.32
1;1;1;9070;1;1;130.0;1;38;37;3;6;135.6;1;0;0;1;0;1;19;0;8.9;1.4;3.51
1;51;1;9670;1;1;136.0;1;19;19;5;5;122.0;0;0;1;0;0;0;18;0;9.4;-0.8;-3.12
1;17;2;9238;1;1;143.0;1;1;11;4;3;128.0;1;0;0;1;0;0;19;0;9.4;-0.8;-3.12
1;39;1;9130;1;3;150.0;1;3;1;90;90;150.0;1;0;0;1;0;0;34;0;12.7;3.7;-1.7
1;44;1;9130;1;39;120.0;1;37;37;7;8;120.0;1;0;1;0;0;0;19;0;12.4;0.5;1.79
1;17;1;9853;1;1;133.1;1;34;34;0;0;118.9;1;0;0;1;0;0;21;0;7.6;2.6;0.32
1;51;1;9147;1;1;135.0;1;1;1;4;4;118.5;0;0;0;1;0;0;25;0;11.1;0.6;2.02
1;7;1;9085;1;40;150.0;1;19;19;9;5;150.0;0;0;1;0;0;0;26;0;8.9;1.4;3.51
1;44;1;9119;1;39;151.0;1;19;37;4;7;151.0;0;0;1;1;0;0;26;0;16.2;0.3;-0.92
1;1;1;171;1;1;188.0;1;3;3;2;2;178.3;1;0;0;1;0;0;18;0;15.5;2.8;-4.06
1;1;1;9254;1;1;117.0;1;19;19;9;9;116.3;1;0;0;1;0;0;24;0;12.7;3.7;-1.7
1;1;4;171;1;1;127.0;1;1;1;9;5;124.2;1;0;0;0;0;0;19;0;9.4;-0.8;-3.12
1;1;1;9254;1;1;127.0;1;19;19;4;6;120.7;0;0;1;0;0;0;22;0;10.8;1.4;1.74
1;39;1;9991;0;1;133.1;1;37;37;90;8;128.2;0;0;0;1;0;0;33;0;12.7;3.7;-1.7
1;39;1;9085;1;43;160.0;1;3;39;2;3;172.0;0;0;0;1;0;0;26;0;8.9;1.4;3.51
1;1;1;9773;1;1;146.0;1;37;38;9;7;128.5;0;0;1;1;0;0;19;0;10.8;1.4;1.74
1;1;6;9500;1;1;138.0;1;19;19;9;5;124.8;1;0;0;1;0;0;18;0;12.7;3.7;-1.7
2;39;1;9085;1;19;133.1;1;38;38;4;7;128.2;0;0;0;1;0;0;31;0;12.7;3.7;-1.7
1;18;4;9147;1;1;130.0;1;37;37;9;9;119.9;1;0;0;0;0;0;34;0;9.4;-0.8;-3.12
4;39;1;9500;1;19;133.1;1;38;19;5;7;140.0;0;0;0;1;0;1;26;0;16.2;0.3;-0.92
1;1;6;9773;1;1;141.0;1;30;37;7;7;128.4;1;0;1;0;0;0;18;0;7.6;2.6;0.32
1;17;2;9085;1;1;120.0;1;1;1;9;10;115.0;0;0;0;0;0;0;20;0;7.6;2.6;0.32
1;17;1;9670;1;1;124.0;1;37;19;5;8;114.2;1;0;1;1;0;0;18;0;10.8;1.4;1.74
1;17;1;9147;1;1;96.0;1;38;37;6;4;96.0;1;0;0;1;0;0;19;0;16.2;0.3;-0.92
4;39;1;9085;1;1;133.1;1;34;34;0;0;128.2;0;0;0;1;0;0;25;0;7.6;2.6;0.32
1;1;1;9853;1;1;133.1;1;19;19;9;9;97.0;1;0;0;1;0;0;23;0;12.7;3.7;-1.7
1;1;4;9500;1;1;140.0;1;1;19;4;5;127.5;0;0;0;1;0;0;18;0;12.7;3.7;-1.7
1;44;1;9085;1;39;140.0;1;1;2;4;6;140.0;1;0;0;1;0;0;29;0;15.5;2.8;-4.06
3;1;2;9085;1;1;135.0;1;19;1;4;4;129.4;1;0;0;1;0;0;21;0;10.8;1.4;1.74
1;1;1;9500;1;1;141.0;1;1;1;90;3;127.8;0;0;0;1;0;1;19;0;7.6;2.6;0.32
1;1;5;9670;1;1;133.1;1;9;1;2;4;133.0;1;0;0;1;0;0;19;0;7.6;2.6;0.32
1;1;2;9500;1;1;140.0;1;1;19;7;7;129.9;1;0;0;1;0;0;18;0;15.5;2.8;-4.06
1;7;1;9003;1;3;130.0;1;38;37;5;6;130.0;0;0;0;1;0;0;32;0;12.4;0.5;1.79
1;43;1;9853;1;1;140.0;1;37;19;9;8;122.3;0;0;0;1;0;0;22;0;12.7;3.7;-1.7
1;43;1;8014;0;1;133.1;1;3;3;2;3;135.0;0;0;0;1;0;0;27;0;10.8;1.4;1.74
1;1;1;9670;1;1;142.0;1;38;19;7;10;128.4;0;0;0;1;0;0;23;0;11.1;0.6;2.02
1;39;1;9254;1;9;133.1;1;34;34;0;0;110.0;1;0;0;0;0;0;28;0;7.6;2.6;0.32
1;1;2;9556;1;1;133.1;1;19;19;9;9;104.5;1;0;0;1;0;0;21;0;12.4;0.5;1.79
1;7;1;9500;1;3;140.0;1;34;34;0;0;140.0;0;0;0;1;0;0;28;0;7.6;2.6;0.32
1;1;3;9500;1;1;130.0;1;3;1;2;5;133.8;0;0;0;1;0;0;19;0;7.6;2.6;0.32
1;43;2;9670;1;1;125.0;1;38;19;4;3;106.6;1;0;0;1;0;0;20;0;10.8;1.4;1.74
1;39;1;9670;1;1;120.0;1;1;19;5;4;140.4;0;0;0;1;0;0;31;0;13.9;-0.3;0.79
1;7;3;9130;1;3;130.0;1;19;37;90;5;130.0;0;0;1;0;0;0;27;0;12.7;3.7;-1.7
1;39;1;9556;1;19;100.0;1;37;38;9;9;120.0;0;0;0;1;0;0;29;0;12.7;3.7;-1.7
1;7;2;9085;1;3;130.0;1;3;3;1;1;130.0;0;0;0;0;0;0;28;0;10.8;1.4;1.74
1;1;1;9130;1;1;150.0;1;5;5;2;2;146.2;0;0;0;1;0;0;18;0;9.4;-0.8;-3.12
1;1;2;9147;1;1;125.0;1;1;19;4;6;115.2;0;1;0;1;0;0;21;0;15.5;2.8;-4.06
2;39;1;8014;0;1;120.0;1;34;34;99;99;101.8;0;0;0;0;0;0;32;0;10.8;1.4;1.74
1;39;1;9991;0;1;100.0;1;37;19;9;2;121.9;0;0;0;0;0;0;40;0;12.7;3.7;-1.7
2;18;2;8014;0;1;140.0;1;37;37;9;10;120.4;0;0;1;0;0;0;39;0;9.4;-0.8;-3.12
2;18;2;9238;1;1;140.0;1;37;37;9;10;120.4;0;0;1;0;0;0;39;0;9.4;-0.8;-3.12
1;17;2;9853;1;1;138.0;1;1;1;9;4;123.0;1;0;0;1;0;0;23;0;10.8;1.4;1.74
4;39;1;8014;0;19;133.1;1;34;34;0;0;100.0;0;0;0;1;0;0;48;0;9.4;-0.8;-3.12
1;17;2;9853;1;1;118.0;1;37;37;9;9;112.1;1;0;0;1;0;0;23;0;7.6;2.6;0.32
1;1;1;9556;1;1;180.0;103;5;3;1;1;183.5;1;0;0;1;0;0;18;1;16.2;0.3;-0.92
1;43;1;9119;1;1;133.1;1;1;1;9;3;136.0;0;0;0;1;1;0;31;0;16.2;0.3;-0.92
1;39;1;9147;1;1;110.0;1;37;37;9;9;110.3;0;0;1;0;1;0;26;0;10.8;1.4;1.74
1;1;1;9130;1;1;154.0;1;3;3;2;2;137.2;1;0;1;1;1;0;18;0;16.2;0.3;-0.92
1;17;1;9670;1;1;133.0;1;19;37;9;8;121.8;1;0;0;1;1;0;22;0;13.9;-0.3;0.79
1;44;1;9070;1;39;120.0;1;1;19;4;7;120.0;0;0;1;0;1;0;20;0;16.2;0.3;-0.92
1;39;1;9119;1;1;150.0;1;3;3;4;4;150.0;1;0;0;1;1;0;27;0;8.9;1.4;3.51
1;18;3;9773;1;1;128.0;1;19;1;9;9;122.1;1;0;0;1;1;0;19;0;10.8;1.4;1.74
1;1;5;9119;1;1;126.0;1;12;19;4;5;122.5;1;0;0;1;1;0;19;0;12.4;0.5;1.79
1;39;1;9773;1;19;133.1;1;19;1;7;9;115.0;1;0;1;0;1;0;25;0;12.7;3.7;-1.7
1;43;1;9070;1;1;115.0;1;12;12;1;10;115.0;0;0;1;1;1;0;21;0;15.5;2.8;-4.06
1;17;3;9119;1;1;117.0;1;1;2;3;2;119.8;1;0;0;1;1;0;19;0;11.1;0.6;2.02
1;17;2;9147;1;1;133.1;1;1;1;4;4;95.0;0;0;0;1;1;0;20;0;11.1;0.6;2.02
1;44;1;9003;1;39;150.0;1;3;2;2;2;150.0;0;0;0;1;1;0;25;0;15.5;2.8;-4.06
1;39;1;9991;0;1;139.0;1;1;1;4;10;140.7;0;0;0;1;1;0;25;0;12.4;0.5;1.79
1;39;1;9003;1;19;133.1;1;4;1;2;4;120.0;0;0;0;1;1;0;25;0;16.2;0.3;-0.92
1;17;4;9119;1;1;129.0;1;34;36;0;5;118.9;1;0;0;1;1;0;18;0;7.6;2.6;0.32
1;1;1;9147;1;1;130.0;1;38;37;9;9;124.8;1;0;0;1;1;0;22;0;7.6;2.6;0.32
1;17;6;9119;1;1;111.0;1;19;3;5;10;106.5;1;0;0;1;1;0;19;0;12.4;0.5;1.79
2;39;1;9085;1;9;133.1;1;1;1;4;4;120.0;1;0;0;0;1;0;29;0;9.4;-0.8;-3.12
1;39;1;8014;0;1;133.1;1;34;5;0;1;118.5;1;0;0;1;0;0;31;0;7.6;2.6;0.32
1;39;1;9991;0;3;120.0;1;37;37;9;9;141.0;0;0;0;1;0;0;29;0;10.8;1.4;1.74
1;17;1;9853;1;1;133.1;1;38;12;7;0;111.5;0;0;0;0;0;1;20;0;7.6;2.6;0.32
4;39;1;9853;1;1;143.0;1;37;1;9;10;140.0;0;0;1;0;0;0;31;0;8.9;1.4;3.51
1;7;1;9130;1;3;140.0;1;19;38;9;9;140.0;1;0;0;1;0;0;23;0;12.4;0.5;1.79
1;17;5;9070;1;1;122.0;1;19;38;5;7;119.6;0;0;1;0;0;0;21;0;10.8;1.4;1.74
1;1;3;171;1;1;115.0;1;9;1;6;6;108.7;1;0;0;0;0;0;21;0;9.4;-0.8;-3.12
1;17;1;9130;1;1;123.0;1;19;3;3;2;121.6;1;0;1;1;0;1;19;0;7.6;2.6;0.32
1;17;1;9085;1;1;127.0;1;19;38;194;193;117.6;0;0;0;1;0;0;18;0;12.4;0.5;1.79
1;17;2;9147;1;1;116.0;1;1;38;4;3;114.6;1;0;0;1;0;0;19;0;13.9;-0.3;0.79
1;17;5;9853;1;1;117.0;1;38;38;9;7;114.6;1;0;0;1;0;0;19;0;9.4;-0.8;-3.12
1;17;4;9070;1;1;116.0;1;38;37;9;9;109.0;0;0;0;1;0;1;23;0;11.1;0.6;2.02
1;1;1;9853;1;1;133.1;1;19;19;9;8;132.0;1;0;0;1;0;0;21;0;12.7;3.7;-1.7
1;18;1;9773;1;1;135.0;1;1;1;3;3;129.8;0;0;0;1;0;1;18;0;12.7;3.7;-1.7
2;39;1;9670;1;1;130.0;1;37;37;9;0;158.0;0;0;1;0;0;0;34;0;12.7;3.7;-1.7
1;1;2;9773;1;1;108.0;1;38;38;7;7;115.0;1;0;1;0;0;0;20;0;8.9;1.4;3.51
1;39;1;9003;1;1;130.0;1;19;19;9;9;120.0;0;0;0;1;0;0;25;0;11.1;0.6;2.02
1;17;2;9773;1;1;126.0;1;37;38;5;5;129.5;1;0;1;0;0;0;18;0;10.8;1.4;1.74
1;17;5;9500;1;1;148.0;1;1;19;4;8;130.2;1;0;0;1;0;0;19;0;12.4;0.5;1.79
1;42;1;8014;0;1;120.0;1;37;38;90;7;120.0;1;0;0;1;0;0;30;0;7.6;2.6;0.32
1;17;1;9853;1;1;147.0;1;37;37;9;9;142.8;1;0;0;1;0;0;23;0;7.6;2.6;0.32
2;39;1;9773;1;19;100.0;1;37;37;0;0;163.5;0;0;1;0;1;0;50;0;10.8;1.4;1.74
1;18;4;9085;1;1;170.0;1;1;1;4;5;166.6;0;0;1;0;0;1;20;0;12.7;3.7;-1.7
4;39;1;9238;1;19;133.1;1;37;37;9;10;103.5;0;0;0;0;0;0;44;0;13.9;-0.3;0.79
1;39;1;9085;1;39;120.0;1;37;37;1;9;137.7;1;0;0;0;1;0;41;0;12.4;0.5;1.79
4;39;2;9147;1;19;133.1;1;37;37;9;7;116.4;0;0;1;0;1;0;70;0;10.8;1.4;1.74
4;39;1;9130;1;19;133.1;1;37;38;9;4;100.9;0;0;0;1;1;0;48;0;15.5;2.8;-4.06
1;39;1;33;1;1;100.0;41;38;37;9;8;100.0;0;0;1;0;1;0;35;1;16.2;0.3;-0.92
1;1;1;9147;1;1;143.0;1;3;1;5;5;152.1;1;0;1;1;1;0;18;0;13.9;-0.3;0.79
1;43;1;9119;1;1;140.0;1;37;38;5;7;146.5;0;0;0;1;1;0;39;0;13.9;-0.3;0.79
2;39;1;9147;1;19;133.1;1;37;19;9;3;128.0;0;0;0;1;1;0;49;0;8.9;1.4;3.51
1;7;1;9556;1;4;190.0;1;5;5;2;2;190.0;1;0;0;1;1;0;43;0;11.1;0.6;2.02
2;39;1;9991;0;1;120.0;1;37;37;9;9;133.2;1;0;0;1;1;0;32;0;7.6;2.6;0.32
5;39;1;9991;0;1;120.0;1;37;37;9;9;138.1;0;0;0;1;1;1;37;0;16.2;0.3;-0.92
1;39;1;8014;0;1;133.1;1;37;11;9;7;96.0;0;0;1;0;1;0;50;0;12.4;0.5;1.79
2;39;1;9991;0;19;133.1;1;38;38;90;90;121.7;1;0;0;1;1;0;45;0;7.6;2.6;0.32
1;39;1;9119;1;1;100.0;1;37;37;9;8;160.0;0;0;1;0;1;0;45;0;15.5;2.8;-4.06
1;39;1;9130;1;9;133.1;1;34;36;0;90;107.5;0;0;0;1;1;0;29;0;7.6;2.6;0.32
4;39;1;9670;1;1;140.0;1;2;1;3;9;170.0;0;0;1;0;1;0;53;0;12.7;3.7;-1.7
1;43;1;33;1;19;133.1;1;38;38;4;4;140.0;0;0;1;1;1;0;35;0;16.2;0.3;-0.92
1;39;1;8014;0;1;140.0;1;37;37;90;5;115.5;0;0;0;0;1;0;33;0;10.8;1.4;1.74
1;7;3;9130;1;3;130.0;1;37;26;90;10;130.0;0;0;0;0;1;0;41;0;10.8;1.4;1.74
1;39;1;9991;0;1;133.1;1;37;37;9;9;143.2;0;0;0;1;1;0;35;0;11.1;0.6;2.02
1;1;1;9773;1;1;120.0;1;19;37;9;9;118.3;0;0;1;0;1;1;18;0;13.9;-0.3;0.79
4;39;1;9130;1;1;140.0;1;37;37;6;7;150.0;1;0;0;1;1;0;34;0;16.2;0.3;-0.92
1;17;2;9254;1;1;130.0;1;37;37;5;7;123.4;1;0;0;1;1;0;30;0;7.6;2.6;0.32
1;51;1;9773;1;1;158.0;1;1;19;8;8;117.1;1;0;0;1;1;0;20;0;8.9;1.4;3.51
1;1;1;9070;1;1;124.0;1;19;19;9;7;113.9;1;0;0;1;1;0;18;0;12.4;0.5;1.79
1;17;3;9500;1;1;142.0;1;3;3;3;3;132.9;1;0;0;1;1;0;18;0;12.4;0.5;1.79
1;39;1;9991;0;1;150.0;1;1;19;4;8;123.0;0;0;0;1;1;0;27;0;12.7;3.7;-1.7
2;43;1;9003;1;1;149.0;1;1;1;4;5;156.1;1;0;0;0;1;0;29;0;15.5;2.8;-4.06
1;51;1;9003;1;39;130.0;1;1;19;4;4;120.0;1;0;1;0;1;0;22;0;8.9;1.4;3.51
1;39;1;9670;1;6;133.1;1;1;1;90;3;107.0;1;0;0;1;1;0;30;0;7.6;2.6;0.32
2;39;1;9991;0;19;133.1;1;19;37;7;9;137.2;0;0;1;0;0;0;32;0;10.8;1.4;1.74
1;1;4;171;1;1;132.0;1;1;19;4;5;138.0;1;0;1;0;1;0;19;0;15.5;2.8;-4.06
1;15;1;9670;1;1;133.1;41;1;1;9;5;128.2;0;0;1;0;1;0;18;1;8.9;1.4;3.51
1;43;1;9991;0;1;130.0;1;37;2;9;4;126.5;1;0;0;0;1;0;23;0;7.6;2.6;0.32
1;17;6;9773;1;1;126.0;1;1;19;5;5;119.0;1;0;0;1;0;0;18;0;12.4;0.5;1.79
1;44;1;9085;1;39;140.0;1;1;1;4;7;140.0;1;0;1;1;0;0;22;0;13.9;-0.3;0.79
1;1;1;171;1;1;148.0;1;3;2;4;2;131.6;1;0;0;1;0;0;21;0;8.9;1.4;3.51
1;17;1;9670;1;1;113.0;1;1;1;5;4;106.7;1;0;1;1;0;0;20;0;15.5;2.8;-4.06
1;5;3;9085;1;1;143.0;1;37;37;0;90;159.1;0;0;1;1;0;1;18;0;7.6;2.6;0.32
1;39;1;9500;1;1;120.0;1;3;3;2;2;149.0;0;0;0;0;1;0;36;0;15.5;2.8;-4.06
1;1;2;9238;1;1;117.0;1;19;1;9;8;110.0;1;0;1;0;0;0;18;0;11.1;0.6;2.02
1;1;4;9773;1;1;143.0;1;1;3;4;7;129.7;1;0;0;1;0;0;20;0;8.9;1.4;3.51
1;1;1;9238;1;1;115.0;1;1;1;9;4;109.1;1;0;1;0;0;1;22;0;12.4;0.5;1.79
1;17;1;9853;1;1;127.0;1;1;1;5;7;121.4;1;0;0;1;0;0;18;0;11.1;0.6;2.02
1;43;1;9670;1;1;139.0;1;3;19;3;5;120.8;0;0;0;1;0;0;19;0;15.5;2.8;-4.06
1;17;1;9254;1;1;136.0;1;39;3;3;3;128.7;1;0;0;1;0;0;20;0;13.9;-0.3;0.79
1;39;1;9238;1;9;133.1;1;34;34;0;0;118.0;0;0;0;1;0;0;47;0;7.6;2.6;0.32
2;39;1;9130;1;1;130.0;1;37;37;9;6;160.0;0;0;0;1;1;0;31;0;16.2;0.3;-0.92
2;39;1;9119;1;1;110.0;1;37;37;90;5;150.0;1;0;0;1;1;0;46;0;7.6;2.6;0.32
1;17;3;9119;1;1;138.0;1;3;3;3;4;125.4;1;1;0;1;1;0;19;0;8.9;1.4;3.51
1;44;1;9130;1;39;150.0;1;3;1;2;8;150.0;0;0;0;0;1;0;22;0;12.7;3.7;-1.7
1;1;1;9147;1;1;108.0;41;3;3;9;9;107.0;0;0;1;0;0;0;19;1;8.9;1.4;3.51
1;39;1;9130;1;1;133.1;1;3;34;3;0;120.0;0;0;1;0;1;0;29;0;9.4;-0.8;-3.12
1;1;1;171;1;1;115.0;1;37;37;9;8;129.0;1;0;1;0;0;1;23;0;9.4;-0.8;-3.12
1;1;3;9773;1;1;140.0;1;1;39;4;1;128.1;1;1;0;1;1;0;21;0;16.2;0.3;-0.92
1;1;1;9238;1;1;127.0;1;1;19;4;3;141.7;1;0;0;1;1;0;22;0;10.8;1.4;1.74
1;39;1;9003;1;12;133.1;1;37;1;9;10;130.0;0;0;0;1;1;0;28;0;11.1;0.6;2.02
1;5;4;9119;1;1;115.0;1;19;37;4;6;113.3;1;0;0;1;1;0;23;0;7.6;2.6;0.32
1;1;1;9773;1;1;108.0;1;34;38;0;3;105.9;0;0;0;1;1;0;20;0;7.6;2.6;0.32
1;18;2;9119;1;1;136.0;1;1;2;5;4;122.7;1;0;0;1;1;0;18;0;13.9;-0.3;0.79
1;39;2;9147;1;12;133.1;1;19;38;9;9;120.0;1;0;1;0;1;0;28;0;9.4;-0.8;-3.12
1;44;1;9070;1;39;120.0;1;1;19;5;8;119.8;0;0;0;1;1;0;21;0;12.4;0.5;1.79
1;39;1;9670;1;1;133.1;1;38;19;9;8;122.9;0;0;1;0;1;0;25;0;13.9;-0.3;0.79
1;44;1;9085;1;39;160.0;1;1;1;5;4;160.0;1;1;0;0;1;0;19;0;12.4;0.5;1.79
1;39;1;9119;1;3;130.0;1;1;38;90;90;143.4;0;0;0;1;1;0;29;0;10.8;1.4;1.74
1;39;1;9119;1;19;133.1;1;37;38;3;7;96.7;0;0;0;1;1;1;29;0;12.4;0.5;1.79
2;39;1;9119;1;1;120.0;1;34;34;0;0;140.0;1;0;0;1;1;0;33;0;9.4;-0.8;-3.12
1;17;1;9070;1;1;119.0;1;38;19;9;9;115.2;0;0;0;1;1;1;21;0;15.5;2.8;-4.06
1;39;2;9556;1;1;130.0;1;19;19;4;5;100.0;0;0;0;1;1;1;25;0;15.5;2.8;-4.06
1;44;1;9070;1;39;120.0;1;19;1;9;3;120.0;1;0;0;1;1;0;23;0;16.2;0.3;-0.92
1;39;1;9003;1;1;110.0;1;19;37;9;6;120.0;0;0;1;0;1;0;31;0;16.2;0.3;-0.92
1;39;1;9003;1;1;133.1;1;37;37;4;7;130.0;0;0;1;0;1;0;32;0;16.2;0.3;-0.92
1;39;1;171;1;1;147.0;1;37;38;175;193;133.3;0;0;0;0;0;0;32;0;16.2;0.3;-0.92
1;7;1;8014;0;3;140.0;1;37;12;9;4;140.0;0;0;0;0;0;0;26;0;9.4;-0.8;-3.12
2;44;1;9991;0;39;130.0;1;1;37;4;9;130.0;0;0;0;0;0;0;21;0;15.5;2.8;-4.06
1;17;1;9147;1;1;114.0;1;19;19;9;7;107.7;0;0;0;1;0;0;19;0;10.8;1.4;1.74
1;1;2;9147;1;1;121.0;1;19;19;9;9;126.3;1;0;0;1;0;0;20;0;12.7;3.7;-1.7
1;1;4;9670;1;1;127.0;1;1;1;7;7;116.5;1;0;0;1;0;0;20;0;16.2;0.3;-0.92
1;1;1;171;1;1;150.0;1;38;19;7;10;134.6;0;0;0;1;0;0;20;0;15.5;2.8;-4.06
2;39;1;9991;0;1;140.0;1;37;37;9;9;120.0;0;0;0;0;0;0;38;0;12.7;3.7;-1.7
1;39;1;9500;1;1;140.0;1;37;37;9;6;135.5;0;0;0;1;0;0;32;0;13.9;-0.3;0.79
2;39;1;9991;0;1;147.0;1;34;34;90;90;111.7;1;0;0;1;0;0;28;0;7.6;2.6;0.32
2;39;1;8014;0;9;133.1;1;37;37;8;10;100.0;1;0;0;1;0;0;37;0;9.4;-0.8;-3.12
1;17;6;9238;1;1;131.0;1;1;3;4;2;131.7;1;0;0;1;0;0;18;0;9.4;-0.8;-3.12
1;39;1;9500;1;19;133.1;1;37;37;9;6;120.0;0;0;0;0;0;1;39;0;16.2;0.3;-0.92
1;7;1;9085;1;3;140.0;1;19;20;4;90;140.0;1;0;0;1;0;0;32;0;10.8;1.4;1.74
1;1;1;9238;1;1;133.1;1;19;37;0;0;137.0;1;0;0;1;0;0;19;0;7.6;2.6;0.32
2;39;1;9147;1;1;140.0;1;37;37;9;9;127.7;1;0;0;1;0;0;31;0;7.6;2.6;0.32
1;39;1;9500;1;19;133.1;1;38;38;9;9;114.8;0;0;0;1;0;0;28;0;13.9;-0.3;0.79
4;39;1;8014;0;19;133.1;1;37;37;90;7;110.0;0;0;0;0;0;0;31;0;9.4;-0.8;-3.12
1;7;1;9085;1;3;130.0;1;1;19;9;10;130.0;0;0;0;1;0;0;34;0;15.5;2.8;-4.06
1;17;2;9773;1;1;133.1;1;3;5;0;2;125.8;1;0;0;0;1;1;22;0;7.6;2.6;0.32
1;39;1;9147;1;1;140.0;1;37;3;9;2;135.1;0;0;0;1;1;0;61;0;15.5;2.8;-4.06
2;39;1;9991;0;1;133.1;1;37;37;9;9;132.8;0;0;1;0;1;0;45;0;12.4;0.5;1.79
1;18;5;9500;1;1;137.0;1;19;1;1;10;129.3;0;0;0;1;0;0;19;0;9.4;-0.8;-3.12
1;42;1;9119;1;1;120.0;1;3;1;2;9;108.2;1;0;0;1;1;0;26;0;7.6;2.6;0.32
1;17;4;9670;1;1;125.0;1;1;1;4;90;125.4;1;0;0;1;1;0;19;0;7.6;2.6;0.32
1;1;3;9670;1;1;134.0;1;14;11;0;0;128.4;1;0;0;0;1;0;19;0;7.6;2.6;0.32
1;39;1;9670;1;1;120.0;1;34;34;0;0;106.0;1;0;0;0;1;0;28;0;7.6;2.6;0.32
2;39;1;9991;0;1;148.0;1;19;37;9;5;130.9;0;0;0;0;1;0;28;0;12.4;0.5;1.79
1;39;1;9003;1;12;133.1;1;37;19;9;10;120.0;0;0;0;1;1;0;58;0;13.9;-0.3;0.79
2;39;1;9991;0;1;135.0;1;34;34;0;0;134.1;1;0;0;0;1;0;49;0;7.6;2.6;0.32
4;42;1;9147;1;1;133.1;1;37;38;7;3;123.0;1;0;0;1;1;0;33;0;7.6;2.6;0.32
2;39;2;9119;1;19;133.1;1;37;37;7;7;118.0;0;0;0;0;1;0;33;0;9.4;-0.8;-3.12
1;39;1;9991;0;19;133.1;1;19;37;7;5;155.5;1;0;1;0;1;0;39;0;10.8;1.4;1.74
1;42;1;9119;1;6;120.0;1;35;35;6;6;128.2;1;0;0;1;1;0;34;0;7.6;2.6;0.32
1;1;1;9147;1;1;128.0;1;1;1;2;10;116.5;0;0;0;1;1;0;19;0;7.6;2.6;0.32
1;17;1;9070;1;1;134.0;1;1;1;5;0;133.3;1;0;0;1;1;0;18;0;7.6;2.6;0.32
1;1;1;9238;1;1;127.0;1;2;2;3;4;115.8;1;0;0;1;1;0;19;0;11.1;0.6;2.02
1;17;2;9085;1;1;133.1;1;19;38;9;1;100.0;1;0;1;0;1;0;19;0;12.4;0.5;1.79
1;1;1;9773;1;1;143.0;1;1;3;3;3;149.0;1;0;0;1;0;0;18;0;11.1;0.6;2.02
1;1;3;9070;1;1;146.0;1;34;34;0;0;143.6;1;0;0;1;0;0;18;0;7.6;2.6;0.32
1;17;3;9070;1;1;132.0;1;38;1;5;5;124.3;0;1;0;1;0;0;18;0;15.5;2.8;-4.06
1;1;5;9670;1;1;116.0;1;19;38;9;9;119.5;1;0;0;0;0;0;18;0;8.9;1.4;3.51
1;17;2;9238;1;1;136.0;1;1;3;3;4;126.6;1;0;0;1;0;0;18;0;11.1;0.6;2.02
1;1;2;9773;1;1;125.0;1;19;1;4;5;122.2;1;0;0;1;0;0;18;0;11.1;0.6;2.02
1;17;1;9147;1;1;138.0;1;37;1;9;9;123.7;1;0;1;1;0;1;19;0;11.1;0.6;2.02
1;17;4;9670;1;1;110.0;1;19;37;9;99;106.1;1;1;1;0;0;1;18;0;12.7;3.7;-1.7
1;17;3;9085;1;1;128.0;1;1;19;4;90;124.2;0;0;0;0;0;0;21;0;7.6;2.6;0.32
1;17;1;9070;1;1;136.0;1;38;19;7;7;121.7;1;0;0;1;0;0;18;0;12.4;0.5;1.79
1;17;1;9238;1;1;125.0;1;1;38;9;7;119.8;0;0;0;1;0;0;18;0;11.1;0.6;2.02
1;7;1;9991;0;40;120.0;1;1;19;4;9;120.0;0;0;0;1;0;0;24;0;12.4;0.5;1.79
1;1;3;9773;1;1;175.0;1;3;38;2;10;157.5;1;0;0;1;0;0;19;0;10.8;1.4;1.74
1;17;3;9500;1;1;138.0;1;3;3;4;5;130.0;1;0;0;1;0;0;18;0;13.9;-0.3;0.79
1;1;2;9500;1;1;131.0;1;1;37;4;4;126.1;1;0;0;1;0;1;19;0;11.1;0.6;2.02
1;39;1;9670;1;12;133.1;1;1;19;1;5;100.0;1;0;1;0;0;0;25;0;9.4;-0.8;-3.12
1;53;1;9238;1;42;130.0;1;1;19;5;5;128.3;0;0;1;0;0;0;23;0;8.9;1.4;3.51
1;1;1;9070;1;1;133.1;1;19;19;7;7;117.0;0;0;0;1;0;0;20;0;15.5;2.8;-4.06
1;7;1;8014;0;40;130.0;1;19;1;5;10;130.0;1;0;1;0;0;0;23;0;13.9;-0.3;0.79
1;2;1;9853;1;1;120.0;1;19;38;9;9;122.5;0;0;0;0;0;0;28;0;15.5;2.8;-4.06
1;17;1;9254;1;1;158.0;1;37;37;5;9;138.1;1;0;0;1;0;0;19;0;7.6;2.6;0.32
1;43;1;171;1;1;116.0;1;3;1;2;3;117.3;1;0;1;1;0;0;20;0;13.9;-0.3;0.79
1;17;2;9130;1;1;127.0;1;3;1;2;1;116.5;0;0;0;1;0;0;19;0;15.5;2.8;-4.06
1;17;3;9773;1;1;127.0;1;19;19;5;8;120.0;0;0;0;1;0;0;18;0;8.9;1.4;3.51
1;18;4;9773;1;1;130.0;1;19;19;4;4;121.3;1;0;0;1;0;0;20;0;15.5;2.8;-4.06
1;1;1;9853;1;1;125.0;1;37;37;9;9;114.9;1;0;1;0;0;0;21;0;15.5;2.8;-4.06
1;17;1;9670;1;3;110.0;1;12;3;5;8;106.5;1;0;1;0;0;0;20;0;10.8;1.4;1.74
1;1;1;9085;1;6;122.0;1;19;19;9;9;126.2;1;0;0;1;0;0;22;0;9.4;-0.8;-3.12
1;17;1;9130;1;1;122.0;1;19;19;9;9;121.7;1;0;0;0;0;0;22;0;9.4;-0.8;-3.12
1;1;4;171;1;1;139.0;1;37;38;9;9;127.8;1;0;0;1;0;0;19;0;10.8;1.4;1.74
1;1;2;9500;1;1;124.0;1;34;34;0;0;123.3;1;0;0;1;0;1;20;0;9.4;-0.8;-3.12
1;51;1;9991;0;42;110.0;1;19;37;5;9;128.2;0;0;0;0;0;0;22;0;8.9;1.4;3.51
1;1;1;9070;1;1;160.0;1;3;38;1;9;152.0;1;0;0;0;0;0;19;0;10.8;1.4;1.74
1;17;1;9254;1;1;122.0;1;37;37;5;6;114.3;0;0;0;0;0;0;20;0;15.5;2.8;-4.06
1;44;1;171;1;39;110.0;1;37;37;5;6;108.3;0;0;0;0;0;0;26;0;12.4;0.5;1.79
1;1;1;9254;1;1;145.0;1;1;38;4;9;131.7;1;0;0;1;0;1;21;0;10.8;1.4;1.74
1;1;1;9670;1;1;128.0;1;1;1;2;2;130.8;1;0;0;1;0;0;20;0;7.6;2.6;0.32
1;17;1;171;1;1;145.0;1;37;37;9;1;150.3;1;0;0;1;0;0;19;0;15.5;2.8;-4.06
1;17;1;9254;1;1;123.0;1;38;37;9;7;120.6;1;0;0;0;0;0;19;0;10.8;1.4;1.74
1;39;1;9500;1;1;110.0;1;37;37;9;9;130.0;0;0;1;0;0;0;32;0;16.2;0.3;-0.92
2;39;2;9147;1;3;130.0;1;3;37;9;9;103.4;0;0;0;1;0;0;30;0;12.7;3.7;-1.7
1;17;2;9773;1;1;139.0;1;3;1;2;7;124.0;1;0;0;1;0;1;20;0;15.5;2.8;-4.06
1;42;1;9119;1;1;144.0;1;34;34;0;0;119.5;0;0;0;1;1;0;18;0;10.8;1.4;1.74
1;17;4;9254;1;1;130.0;1;19;1;5;5;130.0;1;0;0;1;1;0;18;0;16.2;0.3;-0.92
4;39;1;9500;1;1;133.1;1;37;37;9;9;130.0;0;0;1;1;0;0;38;0;16.2;0.3;-0.92
6;39;1;9500;1;1;133.1;1;37;37;9;9;110.0;0;0;0;1;0;0;36;0;16.2;0.3;-0.92
1;53;1;9085;1;42;140.0;1;19;38;9;9;138.2;0;0;1;0;0;0;21;0;8.9;1.4;3.51
1;17;1;9147;1;1;140.0;1;37;37;9;7;132.3;1;0;0;1;0;0;20;0;7.6;2.6;0.32
1;7;2;9130;1;3;140.0;1;34;34;0;0;140.0;0;0;0;1;0;0;25;0;10.8;1.4;1.74
1;7;1;9070;1;3;140.0;1;37;2;9;3;140.0;0;0;0;0;0;0;23;0;10.8;1.4;1.74
1;42;1;9853;1;1;120.0;1;1;37;5;5;113.9;1;0;0;1;0;0;21;0;12.7;3.7;-1.7
2;39;2;9147;1;1;150.0;1;19;37;9;7;101.0;0;0;1;0;0;0;29;0;10.8;1.4;1.74
1;39;1;9238;1;1;140.0;1;34;34;0;0;114.0;1;0;0;0;0;0;28;0;9.4;-0.8;-3.12
1;7;1;8014;0;3;130.0;1;37;38;0;5;130.0;0;0;0;0;0;0;28;0;12.7;3.7;-1.7
2;39;1;9003;1;1;120.0;1;37;37;9;9;125.7;0;0;1;0;0;0;43;0;8.9;1.4;3.51
1;43;1;9556;1;1;140.0;1;37;37;9;9;128.0;1;0;0;0;0;0;32;0;10.8;1.4;1.74
1;1;2;171;1;1;136.0;1;39;1;3;4;134.3;1;0;1;1;0;0;19;0;12.4;0.5;1.79
2;39;1;9991;0;19;133.1;1;19;39;5;3;121.7;0;0;1;0;0;0;31;0;16.2;0.3;-0.92
1;39;1;9991;0;1;133.1;1;19;38;7;4;125.7;0;0;0;1;0;0;26;0;10.8;1.4;1.74
1;18;1;9119;1;1;146.0;1;1;37;7;7;132.4;1;0;0;1;1;0;18;0;9.4;-0.8;-3.12
1;1;1;9670;1;1;133.1;1;3;1;4;4;95.0;0;0;0;1;1;0;19;0;15.5;2.8;-4.06
1;43;1;9991;0;1;120.0;1;37;37;9;9;128.2;0;0;0;0;1;0;32;0;10.8;1.4;1.74
2;39;1;9130;1;1;150.0;1;19;19;4;4;130.0;0;0;0;0;1;0;31;0;9.4;-0.8;-3.12
2;43;1;9991;0;1;140.0;1;37;37;4;9;100.0;0;0;0;0;0;0;31;0;12.7;3.7;-1.7
2;39;1;9853;1;1;133.1;1;37;37;5;5;116.5;0;0;0;1;0;0;34;0;16.2;0.3;-0.92
1;1;3;9238;1;1;117.0;1;19;19;9;9;117.0;1;0;1;1;0;0;19;0;12.4;0.5;1.79
1;1;2;9853;1;1;124.0;1;38;37;5;3;118.1;1;0;0;0;0;0;18;0;9.4;-0.8;-3.12
4;39;1;9130;1;1;133.1;1;3;1;5;5;110.0;1;0;0;1;0;1;30;0;11.1;0.6;2.02
1;42;1;9119;1;1;130.0;1;19;37;9;3;135.0;0;0;1;1;1;0;25;0;13.9;-0.3;0.79
1;1;2;9773;1;1;121.0;1;19;19;9;9;122.8;0;0;0;1;1;0;19;0;12.4;0.5;1.79
1;39;1;9670;1;1;140.0;1;37;37;6;6;120.0;0;0;0;1;0;0;28;0;10.8;1.4;1.74
2;1;1;9147;1;1;151.0;1;38;37;9;8;132.1;1;0;0;1;0;0;34;0;7.6;2.6;0.32
2;51;1;9853;1;1;130.0;1;37;37;7;8;120.3;0;0;0;1;0;0;35;0;8.9;1.4;3.51
2;39;1;9147;1;1;133.1;1;37;37;9;9;140.0;0;0;0;0;0;0;35;0;9.4;-0.8;-3.12
1;17;5;9254;1;1;121.0;1;1;19;4;7;116.5;1;0;0;0;1;0;18;0;9.4;-0.8;-3.12
1;17;2;9853;1;1;127.0;1;19;38;3;3;121.1;1;0;0;1;1;0;19;0;12.4;0.5;1.79
1;44;1;9003;1;39;120.0;1;1;19;9;7;120.0;0;0;0;1;1;0;22;0;13.9;-0.3;0.79
2;39;1;9003;1;1;168.0;1;1;41;9;3;153.9;0;0;1;0;1;0;34;0;12.4;0.5;1.79
2;39;1;8014;0;19;133.1;1;1;1;4;4;130.0;0;0;0;1;1;0;24;0;16.2;0.3;-0.92
1;39;2;9670;1;1;150.0;1;34;34;0;0;107.0;1;0;0;1;1;0;26;0;7.6;2.6;0.32
1;39;1;9500;1;1;140.0;1;37;37;9;6;132.8;0;0;0;1;1;0;35;0;12.4;0.5;1.79
1;17;1;9147;1;1;123.0;1;1;19;3;4;122.0;0;0;0;1;1;0;19;0;8.9;1.4;3.51
1;1;5;9254;1;1;120.0;1;3;19;3;9;114.8;1;0;0;0;1;0;19;0;8.9;1.4;3.51
1;1;4;9500;1;1;144.0;1;3;39;2;3;129.0;1;0;0;1;0;0;18;0;16.2;0.3;-0.92
1;1;5;9773;1;1;130.0;1;34;38;0;8;128.3;1;0;0;0;0;1;18;0;7.6;2.6;0.32
1;43;1;9254;1;1;130.0;1;1;19;5;7;130.0;0;0;0;1;0;1;19;0;10.8;1.4;1.74
1;17;1;9254;1;1;137.0;1;34;38;0;7;137.7;1;0;1;0;0;0;19;0;7.6;2.6;0.32
1;1;1;9130;1;1;144.0;1;3;1;1;3;137.7;0;0;0;0;0;0;23;0;10.8;1.4;1.74
1;43;1;9130;1;1;120.0;1;1;19;9;9;120.0;1;0;0;1;0;0;21;0;15.5;2.8;-4.06
1;17;1;9070;1;1;122.0;1;1;1;4;8;123.8;1;0;1;0;0;1;18;0;12.7;3.7;-1.7
1;17;2;9853;1;1;145.0;1;38;19;4;9;127.9;1;0;0;1;0;0;19;0;10.8;1.4;1.74
1;39;1;9773;1;1;140.0;1;34;37;0;0;102.5;0;0;0;1;0;0;26;0;7.6;2.6;0.32
1;39;1;9254;1;19;133.1;1;19;1;9;5;97.0;0;0;1;0;1;0;36;0;15.5;2.8;-4.06
1;17;1;171;1;1;128.0;1;1;1;4;10;134.7;0;0;0;0;1;0;19;0;10.8;1.4;1.74
1;42;1;9119;1;1;120.0;1;19;37;9;9;113.8;0;0;0;0;1;0;27;0;15.5;2.8;-4.06
1;1;4;9119;1;1;120.0;1;3;1;123;152;116.9;0;0;0;1;1;0;18;0;8.9;1.4;3.51
1;39;1;9070;1;1;139.3;1;38;38;5;5;117.5;0;0;0;1;1;0;28;0;12.4;0.5;1.79
1;39;1;9670;1;9;133.1;1;6;22;3;3;120.0;0;0;1;0;1;0;26;0;9.4;-0.8;-3.12
1;51;1;9119;1;1;136.0;1;1;19;3;5;133.6;1;0;0;1;1;0;20;0;11.1;0.6;2.02
1;1;1;9147;1;1;140.0;1;19;19;7;3;120.0;1;0;0;1;1;0;21;0;12.7;3.7;-1.7
1;7;1;9556;1;3;130.0;1;1;37;4;8;130.0;0;0;0;0;1;0;23;0;10.8;1.4;1.74
1;1;1;171;1;1;116.0;1;38;1;5;1;111.1;0;0;0;1;1;0;21;0;13.9;-0.3;0.79
1;1;5;9070;1;1;117.0;1;19;37;5;5;131.0;1;0;1;0;1;0;21;0;9.4;-0.8;-3.12
1;51;1;9238;1;1;141.0;1;1;1;5;9;125.0;0;0;0;1;1;0;22;0;11.1;0.6;2.02
1;39;1;9500;1;1;133.1;1;38;19;9;9;128.0;1;0;0;0;1;0;32;0;16.2;0.3;-0.92
1;1;1;9130;1;1;120.0;1;19;37;1;9;116.1;1;0;0;1;1;0;22;0;12.7;3.7;-1.7
1;43;1;9130;1;1;120.0;1;2;3;3;2;120.0;1;0;0;0;1;0;22;0;10.8;1.4;1.74
1;17;6;9119;1;1;129.0;1;37;13;4;90;117.1;1;0;0;1;1;0;19;0;7.6;2.6;0.32
1;1;1;171;1;1;131.0;1;19;19;9;9;134.9;1;0;1;1;0;0;20;0;16.2;0.3;-0.92
1;44;1;9147;1;39;130.0;22;2;37;2;8;130.0;0;0;1;0;1;0;25;1;15.5;2.8;-4.06
1;15;1;9119;1;1;133.1;41;1;3;5;8;100.0;0;0;1;1;1;0;21;1;11.1;0.6;2.02
1;17;1;9254;1;1;118.0;1;11;34;5;0;122.2;1;0;0;1;0;0;22;0;7.6;2.6;0.32
1;39;1;8014;0;19;133.1;1;37;37;9;5;135.5;0;0;0;1;0;0;58;0;11.1;0.6;2.02
1;17;5;9085;1;1;130.0;1;19;19;90;7;115.8;0;0;0;0;0;0;18;0;12.7;3.7;-1.7
1;39;1;9130;1;1;114.0;1;38;38;9;10;120.0;0;0;0;1;0;0;24;0;11.1;0.6;2.02
1;17;4;9853;1;1;143.0;1;37;37;9;5;127.3;1;0;0;1;0;0;18;0;10.8;1.4;1.74
1;1;5;9853;1;1;123.0;1;1;12;4;9;113.2;1;0;0;1;0;0;20;0;10.8;1.4;1.74
1;15;1;9147;1;1;133.1;41;41;1;3;4;100.0;0;0;1;0;1;0;26;1;11.1;0.6;2.02
1;17;1;9003;1;1;170.0;1;1;4;9;5;144.1;1;0;1;0;1;0;26;0;16.2;0.3;-0.92
1;1;2;9254;1;1;110.0;1;4;19;4;3;114.8;1;0;0;0;1;0;18;0;12.7;3.7;-1.7
1;1;1;171;1;1;114.0;1;3;29;3;5;111.9;0;0;0;0;1;0;18;0;9.4;-0.8;-3.12
1;17;3;9119;1;1;138.0;1;1;19;4;3;125.4;1;0;0;1;1;1;18;0;8.9;1.4;3.51
1;44;1;9003;1;39;140.0;1;37;37;9;4;140.0;0;0;0;1;1;0;20;0;12.4;0.5;1.79
1;17;1;9130;1;1;132.0;1;2;1;4;1;127.8;0;0;0;1;1;0;18;0;11.1;0.6;2.02
1;1;1;171;1;1;132.0;1;1;1;4;1;119.4;1;0;0;1;1;0;20;0;10.8;1.4;1.74
1;1;2;9147;1;1;120.0;1;1;37;4;9;113.4;1;0;0;1;1;1;19;0;11.1;0.6;2.02
1;18;1;9147;1;1;119.0;1;37;37;7;7;112.0;1;0;0;0;1;0;20;0;9.4;-0.8;-3.12
1;39;1;9670;1;1;120.0;1;38;37;7;7;140.0;0;0;0;1;1;0;24;0;15.5;2.8;-4.06
1;51;1;9119;1;1;140.0;1;1;19;4;4;150.0;0;0;0;1;1;0;23;0;8.9;1.4;3.51
1;17;2;9119;1;1;120.0;1;10;12;9;9;120.4;1;0;0;1;1;0;20;0;10.8;1.4;1.74
1;17;1;9773;1;1;117.0;1;37;37;0;4;120.5;1;0;0;1;1;0;19;0;9.4;-0.8;-3.12
1;39;1;9991;0;1;133.0;1;37;37;9;5;139.2;1;0;1;1;1;0;33;0;12.7;3.7;-1.7
2;39;1;9003;1;1;133.1;1;1;19;4;4;120.0;0;0;1;0;1;0;25;0;15.5;2.8;-4.06
1;1;1;9085;1;1;123.0;1;1;1;4;9;116.7;1;0;0;1;1;1;20;0;12.4;0.5;1.79
1;53;1;9085;1;42;150.0;1;1;1;9;4;150.0;1;0;0;1;1;1;22;0;8.9;1.4;3.51
1;43;1;8014;0;1;131.0;1;19;37;8;5;125.0;0;0;0;1;1;0;24;0;16.2;0.3;-0.92
1;44;1;9130;1;39;110.0;1;3;4;2;2;110.0;1;0;0;1;1;0;20;0;13.9;-0.3;0.79
1;39;1;9500;1;19;133.1;1;1;3;2;2;100.0;0;0;1;1;1;0;24;0;16.2;0.3;-0.92
1;1;1;9670;1;1;126.0;1;1;1;90;90;119.0;1;0;1;1;1;0;20;0;10.8;1.4;1.74
1;17;5;9773;1;1;122.0;1;38;38;7;7;123.1;1;0;0;0;0;0;19;0;9.4;-0.8;-3.12
1;43;1;9500;1;1;140.0;100;1;1;6;6;128.2;0;0;0;1;0;0;39;1;12.7;3.7;-1.7
1;17;1;9254;1;1;127.0;1;1;1;4;8;126.7;1;0;0;0;1;0;22;0;12.4;0.5;1.79
1;17;1;9500;1;1;131.0;1;19;37;9;9;123.8;1;0;0;1;0;0;19;0;15.5;2.8;-4.06
1;7;1;9500;1;5;140.0;1;19;1;4;1;140.0;1;0;0;0;0;0;39;0;12.4;0.5;1.79
1;39;1;9147;1;12;133.1;1;1;1;9;4;140.0;1;0;1;0;1;0;24;0;12.7;3.7;-1.7
1;39;1;9991;0;1;120.0;1;19;19;9;9;115.0;1;0;0;1;1;0;27;0;12.7;3.7;-1.7
1;17;1;9085;1;1;130.0;1;19;1;9;4;101.3;1;0;0;1;1;0;20;0;12.4;0.5;1.79
1;1;1;9670;1;1;125.0;1;19;1;7;4;122.6;0;0;0;1;1;0;21;0;9.4;-0.8;-3.12
1;17;1;9773;1;1;112.0;1;1;1;5;1;111.7;0;0;1;0;1;0;19;0;15.5;2.8;-4.06
1;10;1;9500;1;1;140.0;24;3;3;2;9;140.0;1;0;1;0;0;0;23;1;12.7;3.7;-1.7
1;39;1;9500;1;1;130.0;1;37;19;9;8;106.2;1;0;0;1;0;0;27;0;11.1;0.6;2.02
1;18;5;9853;1;1;121.0;1;38;19;7;7;117.5;1;0;1;0;0;0;20;0;10.8;1.4;1.74
2;39;1;9119;1;3;120.0;1;37;37;4;7;122.5;0;0;0;0;0;0;32;0;12.7;3.7;-1.7
1;17;1;9147;1;1;129.0;1;38;37;3;5;132.9;1;0;0;1;0;0;19;0;9.4;-0.8;-3.12
2;39;1;9853;1;12;133.1;1;37;37;7;8;103.0;0;0;0;1;0;0;41;0;16.2;0.3;-0.92
4;17;5;8014;0;1;100.0;1;19;19;90;90;107.0;0;0;0;1;0;0;38;0;10.8;1.4;1.74
1;7;1;9130;1;2;133.1;6;42;1;4;9;100.0;0;0;0;1;1;0;35;1;8.9;1.4;3.51
1;39;1;8014;0;1;133.1;1;34;34;0;0;100.0;1;0;0;1;0;0;27;0;7.6;2.6;0.32
2;39;1;9991;0;9;133.1;1;34;34;0;0;118.4;0;0;0;0;0;0;39;0;7.6;2.6;0.32
2;7;1;9254;1;2;100.0;1;37;37;9;9;100.0;0;0;0;0;0;0;37;0;10.8;1.4;1.74
5;39;1;9500;1;1;110.0;1;38;38;9;9;110.0;0;0;0;0;0;0;37;0;12.7;3.7;-1.7
1;1;1;9119;1;1;130.0;1;37;19;9;5;140.2;1;0;0;1;1;0;20;0;9.4;-0.8;-3.12
1;16;1;171;1;1;150.0;1;37;37;9;9;134.6;1;0;0;1;1;0;19;0;7.6;2.6;0.32
1;43;1;9130;1;1;133.1;6;37;37;9;6;100.0;0;0;0;1;0;0;37;1;13.9;-0.3;0.79
1;39;1;9003;1;19;133.1;1;37;37;9;10;120.0;0;0;1;0;1;0;38;0;16.2;0.3;-0.92
6;39;1;9991;0;12;130.0;1;37;37;90;90;119.0;1;0;0;0;1;0;55;0;7.6;2.6;0.32
5;39;1;9003;1;1;133.1;1;37;37;9;7;110.0;0;0;1;0;0;0;28;0;13.9;-0.3;0.79
2;39;2;9670;1;19;133.1;1;37;37;9;9;135.6;0;0;0;1;0;0;46;0;12.4;0.5;1.79
1;1;3;9085;1;1;131.0;1;37;19;9;8;136.3;1;0;1;0;0;0;18;0;7.6;2.6;0.32
1;43;1;9991;0;1;120.0;1;19;37;3;9;100.0;0;0;0;1;0;0;34;0;13.9;-0.3;0.79
1;17;1;9853;1;1;119.0;1;37;38;9;9;125.0;1;0;0;1;0;1;21;0;10.8;1.4;1.74
1;17;1;9254;1;1;119.0;1;37;37;5;4;118.0;1;0;0;1;1;0;19;0;10.8;1.4;1.74
1;44;1;9003;1;39;120.0;1;1;19;4;7;120.0;0;0;0;1;1;0;23;0;15.5;2.8;-4.06
1;17;4;171;1;1;172.0;1;3;1;2;10;155.6;1;0;0;1;1;0;19;0;9.4;-0.8;-3.12
1;1;3;171;1;1;129.0;1;38;37;9;3;127.3;1;0;1;0;1;1;19;0;9.4;-0.8;-3.12
1;17;1;9238;1;1;136.0;1;37;37;7;7;140.9;1;0;0;1;1;0;18;0;9.4;-0.8;-3.12
1;17;1;9773;1;1;117.0;1;38;38;9;9;111.1;0;0;1;1;1;0;19;0;16.2;0.3;-0.92
1;39;1;9003;1;19;133.1;1;1;19;9;8;120.0;0;0;1;0;1;0;27;0;8.9;1.4;3.51
1;1;1;9147;1;1;160.0;1;1;38;4;7;141.5;1;0;0;1;1;0;18;0;9.4;-0.8;-3.12
1;39;1;8014;0;15;133.1;1;34;34;0;0;100.0;1;0;0;0;0;0;37;0;9.4;-0.8;-3.12
2;39;1;9085;1;19;133.1;1;19;19;9;5;101.0;1;0;0;1;0;0;26;0;15.5;2.8;-4.06
1;39;1;8014;0;1;120.0;1;37;1;7;4;95.0;1;0;0;1;0;0;24;0;15.5;2.8;-4.06
1;1;2;9773;1;1;130.0;109;19;1;9;9;126.9;1;0;0;1;0;1;19;1;11.1;0.6;2.02
2;39;1;9556;1;1;120.0;1;37;37;9;4;150.0;0;0;0;0;0;0;50;0;12.7;3.7;-1.7
2;39;1;9556;1;1;100.0;1;37;37;9;9;120.0;0;0;0;1;0;0;47;0;12.7;3.7;-1.7
1;42;1;9853;1;1;120.0;1;1;19;4;7;111.3;0;0;0;1;0;0;24;0;16.2;0.3;-0.92
1;39;1;9991;0;1;110.0;1;37;37;7;10;150.0;0;0;0;0;0;0;48;0;15.5;2.8;-4.06
1;44;1;9991;0;39;130.0;1;37;37;5;5;130.0;1;0;0;1;1;0;32;0;9.4;-0.8;-3.12
1;1;1;9670;1;1;141.0;1;19;3;4;0;137.9;1;0;0;0;1;0;20;0;7.6;2.6;0.32
1;39;1;9119;1;1;120.0;1;37;38;9;8;100.0;0;0;1;1;1;0;24;0;16.2;0.3;-0.92
2;39;1;9773;1;19;133.1;1;19;19;9;4;131.0;0;0;1;0;1;0;42;0;13.9;-0.3;0.79
1;39;1;9670;1;9;133.1;1;37;37;5;3;110.0;0;0;1;1;1;0;26;0;9.4;-0.8;-3.12
1;17;4;9254;1;1;124.0;1;3;3;3;3;126.1;1;0;0;1;0;0;20;0;10.8;1.4;1.74
1;1;2;171;1;1;120.0;1;3;19;4;7;119.7;1;0;0;1;0;0;21;0;8.9;1.4;3.51
1;1;5;9500;1;1;130.0;1;19;37;9;7;127.6;1;0;0;1;0;0;18;0;15.5;2.8;-4.06
1;1;2;9853;1;1;131.0;1;1;1;2;9;121.9;1;0;0;1;0;0;20;0;12.7;3.7;-1.7
1;44;1;9070;1;39;100.0;1;1;38;4;6;104.8;0;0;1;0;0;0;22;0;12.4;0.5;1.79
1;44;1;9130;1;39;130.0;1;3;1;4;1;130.0;1;0;0;0;0;0;21;0;16.2;0.3;-0.92
1;17;3;9254;1;1;122.0;1;1;1;4;4;126.6;0;0;0;0;0;0;18;0;10.8;1.4;1.74
1;17;1;9556;1;1;140.0;1;3;3;1;7;131.6;1;0;0;1;1;0;19;0;11.1;0.6;2.02
1;39;1;9500;1;1;133.1;1;1;37;9;9;100.0;0;0;0;1;1;0;28;0;16.2;0.3;-0.92
1;1;2;9670;1;1;124.0;1;19;1;9;4;117.7;1;0;1;1;1;0;20;0;9.4;-0.8;-3.12
1;1;1;9670;1;1;124.0;1;2;2;3;3;124.7;1;0;0;1;1;0;21;0;7.6;2.6;0.32
1;7;1;9556;1;3;140.0;1;3;3;2;2;140.0;0;0;1;0;1;0;38;0;13.9;-0.3;0.79
1;43;4;171;1;1;136.0;1;37;37;9;9;123.8;1;0;0;1;1;0;19;0;7.6;2.6;0.32
1;7;1;9119;1;1;140.8;1;34;34;0;0;134.0;0;0;0;1;1;0;24;0;7.6;2.6;0.32
1;18;3;9070;1;1;142.0;1;1;37;4;7;130.8;1;0;0;0;1;0;19;0;12.7;3.7;-1.7
1;39;1;9119;1;3;130.0;1;3;3;3;10;147.6;0;0;0;1;1;0;31;0;10.8;1.4;1.74
1;39;1;9085;1;1;130.0;1;34;1;0;2;128.2;0;0;0;1;1;0;25;0;7.6;2.6;0.32
1;1;1;9500;1;1;168.0;1;1;1;5;5;161.0;1;0;0;1;1;0;18;0;16.2;0.3;-0.92
1;7;1;9500;1;3;130.0;1;37;37;90;90;130.0;1;0;0;1;1;0;30;0;9.4;-0.8;-3.12
1;17;6;9773;1;1;131.0;1;34;34;0;0;129.3;0;0;0;1;1;0;18;0;7.6;2.6;0.32
1;1;5;171;1;1;160.0;1;1;1;4;4;139.7;0;0;0;1;1;0;18;0;12.7;3.7;-1.7
1;39;1;9556;1;19;133.1;1;19;1;7;10;105.0;0;0;0;1;1;0;25;0;15.5;2.8;-4.06
1;42;1;9500;1;1;133.1;41;3;1;3;10;100.0;1;0;0;0;0;0;33;1;12.4;0.5;1.79
1;39;1;9119;1;1;160.0;1;38;37;7;7;129.0;0;0;0;1;1;0;24;0;7.6;2.6;0.32
1;39;1;9991;0;19;133.1;1;2;1;2;4;100.0;0;0;0;1;1;0;24;0;16.2;0.3;-0.92
2;39;1;9991;0;1;110.0;1;37;37;5;1;120.0;1;0;0;1;0;0;38;0;9.4;-0.8;-3.12
1;17;1;9254;1;1;131.0;1;38;37;4;9;131.7;1;0;0;0;0;0;18;0;12.7;3.7;-1.7
1;1;1;9130;1;1;136.0;1;19;19;90;8;133.9;1;0;0;0;1;0;20;0;10.8;1.4;1.74
2;39;1;9119;1;1;120.0;1;37;38;9;10;145.4;0;0;1;1;1;0;40;0;16.2;0.3;-0.92
1;1;1;9147;1;1;118.0;1;1;1;9;9;111.0;0;0;0;0;1;0;21;0;10.8;1.4;1.74
2;39;1;9070;1;19;133.1;1;37;37;9;10;126.3;0;0;0;0;1;0;38;0;10.8;1.4;1.74
1;18;1;9130;1;1;146.0;1;3;3;5;2;137.8;0;0;0;1;1;0;18;0;13.9;-0.3;0.79
1;1;1;9130;1;1;121.0;1;3;19;2;9;115.4;1;0;0;1;1;0;18;0;15.5;2.8;-4.06
1;43;1;9773;1;1;127.0;1;1;1;9;6;110.0;0;0;1;0;1;0;19;0;16.2;0.3;-0.92
1;39;1;9670;1;1;133.1;1;37;37;90;90;97.4;0;0;1;0;1;0;44;0;12.7;3.7;-1.7
1;44;1;9085;1;39;130.0;1;1;1;4;4;130.0;1;1;0;1;1;0;26;0;15.5;2.8;-4.06
1;43;1;9130;1;1;156.0;1;19;1;9;4;156.0;0;0;1;0;1;0;24;0;15.5;2.8;-4.06
1;39;1;9003;1;1;130.0;1;19;1;9;6;126.1;1;0;0;0;1;0;27;0;15.5;2.8;-4.06
1;39;1;9003;1;1;110.0;1;1;1;9;4;120.0;0;0;1;0;1;0;27;0;13.9;-0.3;0.79
1;43;1;9070;1;1;108.0;1;38;38;7;7;105.2;1;0;0;1;1;0;25;0;12.7;3.7;-1.7
1;17;5;9119;1;1;123.0;1;3;1;2;9;116.0;1;0;1;0;1;0;20;0;8.9;1.4;3.51
1;44;1;9130;1;39;150.0;1;1;37;4;8;150.0;1;0;0;0;0;0;22;0;15.5;2.8;-4.06
1;17;1;171;1;1;140.0;41;1;1;5;7;146.3;1;0;0;1;0;1;18;1;12.7;3.7;-1.7
1;1;1;9147;1;1;140.0;1;19;38;9;9;129.2;1;0;0;1;0;0;26;0;15.5;2.8;-4.06
1;39;1;9003;1;1;140.0;41;1;1;9;9;100.0;0;0;1;0;0;0;29;1;15.5;2.8;-4.06
1;7;1;9500;1;3;140.0;1;3;19;2;6;140.0;0;0;0;1;1;0;27;0;12.4;0.5;1.79
1;1;3;9773;1;1;149.0;1;1;3;0;0;148.7;0;0;0;0;1;0;20;0;10.8;1.4;1.74
2;39;1;9991;0;1;140.0;1;37;12;9;9;150.0;0;0;1;1;1;0;35;0;9.4;-0.8;-3.12
1;39;1;9500;1;1;130.0;1;37;37;3;7;143.8;0;0;0;1;1;0;27;0;10.8;1.4;1.74
1;7;2;9500;1;3;140.0;1;37;38;9;9;138.0;0;0;0;1;1;0;28;0;16.2;0.3;-0.92
2;39;1;9238;1;19;133.1;1;37;37;9;4;103.5;0;0;0;1;1;0;42;0;15.5;2.8;-4.06
1;1;1;9070;1;1;116.0;1;3;3;0;1;108.7;1;0;0;1;1;0;23;0;7.6;2.6;0.32
1;1;4;9147;1;1;146.0;1;3;1;3;10;138.7;0;0;0;1;1;0;18;0;8.9;1.4;3.51
1;39;1;9991;0;1;150.0;1;3;5;2;2;135.8;0;0;1;1;1;0;29;0;12.7;3.7;-1.7
1;17;1;9085;1;1;137.0;1;1;1;4;7;134.6;1;0;0;1;1;0;22;0;16.2;0.3;-0.92
1;1;3;9085;1;1;126.0;1;38;1;9;9;132.0;1;0;0;1;0;1;18;0;9.4;-0.8;-3.12
1;39;1;9003;1;19;133.1;1;37;38;4;9;110.0;0;0;1;0;0;0;40;0;11.1;0.6;2.02
1;17;3;9254;1;1;114.0;26;38;3;9;3;127.3;1;0;1;0;0;0;20;1;10.8;1.4;1.74
1;1;3;9500;1;1;139.0;1;3;1;4;1;126.0;1;0;0;1;1;0;18;0;10.8;1.4;1.74
1;43;2;9670;1;1;130.0;1;19;1;4;4;127.6;1;0;0;1;1;0;22;0;10.8;1.4;1.74
1;51;1;9147;1;19;133.1;1;19;19;9;5;112.1;0;0;1;0;1;0;38;0;8.9;1.4;3.51
1;43;1;9991;0;3;130.0;1;3;1;2;9;130.0;0;0;0;1;1;0;33;0;12.7;3.7;-1.7
1;17;1;9670;1;1;127.0;1;3;3;1;1;121.4;0;0;0;1;1;0;18;0;15.5;2.8;-4.06
2;51;1;9500;1;1;130.0;1;37;37;5;5;120.0;0;0;0;1;1;0;44;0;11.1;0.6;2.02
1;18;1;9070;1;1;117.0;1;1;37;4;7;127.9;1;0;0;1;1;0;20;0;9.4;-0.8;-3.12
1;17;4;9773;1;1;127.0;1;2;37;9;9;115.8;1;0;1;0;0;0;19;0;8.9;1.4;3.51
1;17;3;9500;1;1;140.0;1;3;2;3;3;126.4;1;0;0;1;0;0;18;0;11.1;0.6;2.02
1;39;1;9670;1;1;133.1;1;1;1;4;4;112.9;0;0;0;1;0;0;24;0;16.2;0.3;-0.92
1;7;1;9500;1;3;120.0;1;37;37;4;5;120.0;0;0;1;0;0;0;28;0;13.9;-0.3;0.79
1;1;1;9853;1;1;162.0;1;37;19;9;8;142.8;0;0;1;1;0;0;18;0;12.7;3.7;-1.7
1;1;1;9147;1;1;133.1;1;19;19;9;9;119.0;1;0;0;0;0;1;19;0;10.8;1.4;1.74
1;10;1;9773;1;1;151.0;22;38;37;0;5;151.0;1;0;0;1;0;0;18;1;9.4;-0.8;-3.12
1;17;1;9130;1;1;125.0;1;19;19;3;10;131.0;1;0;0;1;1;0;19;0;10.8;1.4;1.74
1;1;1;9130;1;1;138.0;1;3;19;2;4;131.0;1;0;0;1;1;0;19;0;11.1;0.6;2.02
1;17;1;9003;1;1;126.0;1;37;3;5;2;116.9;0;0;0;1;1;0;19;0;13.9;-0.3;0.79
2;39;1;9991;0;1;140.0;1;36;14;9;10;130.0;1;0;0;1;1;0;41;0;9.4;-0.8;-3.12
1;7;1;9500;1;3;120.0;1;1;1;7;10;120.0;1;0;0;0;1;0;23;0;12.7;3.7;-1.7
1;1;1;9119;1;1;148.0;1;19;38;9;7;133.0;0;0;0;1;1;0;18;0;12.4;0.5;1.79
1;39;1;9085;1;1;140.0;1;37;37;90;90;106.3;0;0;1;0;1;0;35;0;7.6;2.6;0.32
4;39;2;9670;1;19;133.1;1;19;1;90;90;103.0;0;0;0;0;1;0;34;0;10.8;1.4;1.74
2;39;1;9119;1;1;110.0;1;19;19;0;5;137.0;0;0;1;1;1;0;30;0;7.6;2.6;0.32
1;1;1;9254;1;1;121.0;1;1;1;5;4;111.9;1;0;0;0;1;0;20;0;10.8;1.4;1.74
1;1;1;9130;1;1;140.0;1;9;19;4;4;131.2;0;0;0;1;1;1;26;0;7.6;2.6;0.32
1;39;2;9147;1;1;130.0;1;19;19;5;9;121.5;0;0;0;0;1;0;26;0;10.8;1.4;1.74
1;39;1;9991;0;1;100.0;1;37;37;9;6;153.5;0;0;1;0;1;0;31;0;12.4;0.5;1.79
1;17;1;9670;1;1;133.1;1;34;3;7;2;130.6;1;0;1;0;1;0;23;0;7.6;2.6;0.32
1;1;6;9500;1;1;119.0;1;1;1;4;4;115.0;1;0;0;1;1;1;20;0;11.1;0.6;2.02
1;39;1;8014;0;1;133.1;1;34;34;0;0;97.5;1;0;0;1;1;0;29;0;7.6;2.6;0.32
1;39;1;9556;1;19;133.1;1;42;1;3;7;110.5;0;0;0;1;1;0;37;0;11.1;0.6;2.02
1;1;5;9500;1;1;143.0;1;37;19;4;4;123.3;1;0;0;1;1;0;18;0;7.6;2.6;0.32
1;1;2;171;1;1;127.0;1;2;19;5;5;139.6;1;0;1;0;1;1;18;0;13.9;-0.3;0.79
1;39;1;9003;1;1;140.0;1;37;37;9;4;140.0;0;0;0;1;1;0;35;0;13.9;-0.3;0.79
1;17;1;9254;1;1;128.0;1;19;38;9;9;118.2;0;0;0;1;0;0;19;0;8.9;1.4;3.51
1;44;1;9003;1;39;160.0;1;37;37;9;7;160.0;1;0;0;0;1;0;30;0;15.5;2.8;-4.06
2;43;1;9773;1;1;160.0;1;37;37;5;0;160.0;0;0;1;0;1;0;51;0;12.7;3.7;-1.7
1;1;1;9130;1;1;152.0;1;2;22;4;3;146.1;1;0;0;1;0;0;18;0;10.8;1.4;1.74
1;1;1;9773;1;1;121.0;1;3;3;2;2;112.3;1;0;1;0;0;0;18;0;11.1;0.6;2.02
2;17;3;8014;0;1;123.0;1;19;37;3;3;113.2;0;0;1;0;0;0;18;0;7.6;2.6;0.32
1;17;1;9670;1;1;127.0;1;1;38;4;7;125.6;0;0;1;1;0;1;18;0;15.5;2.8;-4.06
1;39;1;9085;1;1;150.0;1;19;19;4;10;100.0;0;0;0;1;0;0;24;0;13.9;-0.3;0.79
1;1;2;9773;1;1;116.0;1;1;19;4;7;127.6;1;0;0;1;0;1;19;0;13.9;-0.3;0.79
1;1;1;9254;1;1;123.0;1;38;38;4;7;114.3;0;0;0;1;0;0;19;0;11.1;0.6;2.02
1;43;2;9254;1;1;140.0;1;19;19;9;9;126.0;1;0;0;1;0;0;19;0;10.8;1.4;1.74
1;1;1;171;1;1;138.0;1;19;37;7;7;124.0;1;0;0;0;0;0;19;0;10.8;1.4;1.74
1;1;1;9238;1;1;133.1;1;12;38;4;9;107.0;1;0;0;1;0;0;19;0;11.1;0.6;2.02
1;17;2;9670;1;1;129.0;1;19;19;5;4;129.4;0;0;0;1;0;1;19;0;10.8;1.4;1.74
1;51;1;9070;1;1;143.0;1;1;1;4;4;120.0;1;0;0;1;0;0;21;0;11.1;0.6;2.02
1;43;1;171;1;2;140.0;1;37;37;9;9;140.0;1;0;0;1;0;0;34;0;10.8;1.4;1.74
1;1;1;9254;1;1;133.0;1;19;9;0;0;121.5;1;0;0;1;0;1;20;0;7.6;2.6;0.32
1;39;1;8014;0;1;134.0;1;37;38;4;7;110.0;1;0;0;1;0;0;24;0;9.4;-0.8;-3.12
1;39;1;9254;1;1;133.1;1;1;1;9;6;105.0;1;0;1;0;0;0;24;0;8.9;1.4;3.51
1;1;1;9238;1;1;157.0;1;38;37;9;5;137.8;0;0;0;1;0;1;18;0;15.5;2.8;-4.06
1;17;5;9853;1;1;134.0;1;19;38;4;8;122.1;1;0;0;1;0;1;18;0;10.8;1.4;1.74
1;7;1;9853;1;3;140.0;1;34;34;0;0;140.0;1;0;0;0;0;0;24;0;9.4;-0.8;-3.12
1;1;6;9773;1;1;133.1;1;1;1;90;90;129.6;0;0;0;1;0;0;22;0;7.6;2.6;0.32
5;39;1;9853;1;19;133.1;1;38;1;5;3;105.5;0;0;1;1;0;0;33;0;7.6;2.6;0.32
2;39;1;9853;1;1;110.0;1;37;37;9;9;95.5;0;0;1;0;0;0;32;0;10.8;1.4;1.74
2;39;1;9003;1;1;133.1;1;19;19;4;4;107.5;0;0;0;0;0;0;35;0;15.5;2.8;-4.06
1;42;1;9003;1;1;160.0;1;19;1;9;5;107.8;1;0;0;0;1;0;27;0;15.5;2.8;-4.06
1;39;1;9853;1;1;140.0;1;19;1;9;4;128.2;0;0;0;0;0;0;30;0;12.7;3.7;-1.7
1;17;4;171;1;1;133.1;1;38;38;9;9;117.0;1;0;0;1;1;0;21;0;10.8;1.4;1.74
4;39;1;9254;1;1;140.0;1;38;37;9;9;112.0;0;0;1;1;0;0;45;0;12.7;3.7;-1.7
2;39;2;9991;0;1;100.0;1;37;37;9;9;100.0;1;0;0;1;1;0;51;0;12.7;3.7;-1.7
1;17;1;9147;1;1;137.0;1;1;37;5;9;131.4;1;0;0;1;1;0;22;0;7.6;2.6;0.32
2;7;1;9130;1;3;120.0;1;3;3;1;1;128.2;0;0;0;1;0;0;33;0;9.4;-0.8;-3.12
1;1;5;9853;1;1;128.0;1;38;37;9;9;120.3;1;0;1;0;0;0;20;0;10.8;1.4;1.74
1;1;2;9500;1;1;126.0;1;37;1;7;7;118.7;1;0;0;1;0;0;19;0;13.9;-0.3;0.79
1;17;2;9556;1;1;125.0;1;38;19;7;7;121.5;1;0;0;1;0;0;20;0;11.1;0.6;2.02
1;1;2;9773;1;1;127.0;1;1;19;4;5;120.4;1;0;0;1;0;0;18;0;12.7;3.7;-1.7
1;44;1;9085;1;39;140.0;1;38;37;4;10;140.0;0;0;1;0;0;0;20;0;16.2;0.3;-0.92
1;17;6;9147;1;1;118.0;1;37;1;9;7;117.0;1;0;0;0;1;0;23;0;9.4;-0.8;-3.12
1;1;4;9773;1;1;124.0;1;19;37;99;90;124.0;0;0;0;0;0;0;18;0;12.7;3.7;-1.7
1;7;1;8014;0;3;140.0;1;1;1;4;4;140.0;0;0;0;1;0;0;30;0;10.8;1.4;1.74
1;17;1;9130;1;1;157.0;1;3;2;3;6;150.9;1;0;0;1;0;0;18;0;13.9;-0.3;0.79
1;39;1;9670;1;19;133.1;1;1;1;4;7;100.0;0;0;1;0;0;0;25;0;9.4;-0.8;-3.12
1;17;1;9853;1;1;135.0;1;3;3;2;2;132.9;1;0;0;0;0;0;29;0;12.7;3.7;-1.7
1;7;1;9500;1;3;140.0;1;3;1;4;4;140.0;0;0;0;1;0;0;26;0;13.9;-0.3;0.79
1;17;2;9254;1;1;123.0;1;19;19;5;5;113.2;1;0;1;1;0;0;19;0;16.2;0.3;-0.92
1;1;2;9773;1;1;128.0;1;34;19;3;0;141.0;1;0;0;0;0;0;20;0;7.6;2.6;0.32
1;17;1;9853;1;1;158.0;1;38;37;5;5;140.2;1;0;0;1;0;0;18;0;10.8;1.4;1.74
1;17;2;9670;1;1;129.0;1;1;19;5;5;119.2;1;0;0;1;0;0;21;0;8.9;1.4;3.51
1;1;5;9500;1;1;141.0;1;38;38;9;9;142.3;1;0;0;1;0;0;18;0;9.4;-0.8;-3.12
1;17;1;9085;1;1;109.0;1;19;19;4;9;104.1;1;0;1;0;0;1;21;0;15.5;2.8;-4.06
1;17;3;9238;1;1;118.0;1;1;19;4;10;112.4;1;0;0;1;0;0;19;0;16.2;0.3;-0.92
1;43;1;9254;1;1;142.0;1;38;38;9;9;125.9;0;0;0;1;0;1;19;0;10.8;1.4;1.74
1;17;2;9500;1;1;131.0;1;38;1;5;7;118.4;1;0;0;1;0;1;20;0;16.2;0.3;-0.92
1;1;3;9500;1;1;139.0;1;18;18;1;1;130.8;1;0;0;0;0;0;18;0;9.4;-0.8;-3.12
1;1;1;171;1;1;170.0;1;19;19;8;8;176.7;1;0;0;1;0;1;19;0;11.1;0.6;2.02
1;39;1;9254;1;1;133.1;1;19;1;4;1;101.0;0;0;1;1;0;0;25;0;15.5;2.8;-4.06
1;1;1;9147;1;1;116.0;1;19;19;5;8;127.9;0;0;1;0;0;1;20;0;9.4;-0.8;-3.12
1;17;4;9254;1;1;133.0;1;37;37;5;8;128.5;1;0;0;1;0;1;18;0;7.6;2.6;0.32
1;17;2;9670;1;1;123.0;1;34;37;0;0;114.6;1;0;1;0;0;0;18;0;7.6;2.6;0.32
1;17;1;9238;1;1;103.0;1;19;37;7;9;104.1;0;0;0;1;0;0;20;0;8.9;1.4;3.51
1;1;1;9085;1;1;150.0;1;12;2;4;2;144.6;0;0;1;0;0;0;24;0;7.6;2.6;0.32
1;43;1;8014;0;6;133.1;1;34;34;0;0;100.0;0;0;1;1;0;0;29;0;7.6;2.6;0.32
1;17;1;171;1;1;136.0;1;38;38;7;7;127.3;1;0;0;1;0;0;19;0;15.5;2.8;-4.06
1;42;1;9853;1;1;141.0;1;37;19;9;3;133.0;0;0;0;1;0;0;20;0;10.8;1.4;1.74
1;17;4;9773;1;1;137.0;1;1;1;5;5;125.8;0;0;1;1;1;0;20;0;12.7;3.7;-1.7
1;1;6;9500;1;1;138.0;1;4;19;2;3;124.7;1;0;0;1;1;0;18;0;16.2;0.3;-0.92
1;39;1;9003;1;1;130.0;1;3;1;2;4;154.9;0;0;1;0;1;0;35;0;8.9;1.4;3.51
1;1;3;9147;1;1;136.0;1;38;38;9;9;127.3;1;0;0;1;1;0;19;0;12.7;3.7;-1.7
1;39;2;9556;1;1;133.1;1;1;1;9;10;100.5;0;0;0;1;1;0;24;0;11.1;0.6;2.02
1;39;1;8014;0;1;140.0;1;37;37;9;7;122.0;1;0;1;0;1;0;29;0;12.4;0.5;1.79
2;7;1;171;1;3;120.0;1;19;19;9;9;130.0;1;0;0;1;1;0;37;0;7.6;2.6;0.32
1;1;5;9147;1;1;132.0;1;39;39;3;3;127.8;1;0;0;0;1;0;18;0;11.1;0.6;2.02
1;1;5;9773;1;1;131.0;1;1;38;9;5;132.4;1;0;1;0;1;0;18;0;11.1;0.6;2.02
1;1;1;9238;1;1;140.0;1;19;38;9;9;132.0;0;0;0;1;1;0;19;0;16.2;0.3;-0.92
1;16;2;9147;1;1;129.0;1;19;19;4;9;127.6;1;0;0;1;1;0;19;0;10.8;1.4;1.74
1;17;1;171;1;1;129.0;1;38;37;4;6;128.0;0;0;0;0;1;0;20;0;9.4;-0.8;-3.12
1;43;3;9254;1;1;110.0;1;37;37;9;9;107.2;1;0;0;1;1;0;19;0;7.6;2.6;0.32
1;43;1;9003;1;1;119.0;1;37;37;9;6;119.0;0;0;1;1;1;0;23;0;15.5;2.8;-4.06
2;39;1;9773;1;1;120.0;1;37;38;9;3;155.5;0;0;0;1;1;0;47;0;12.7;3.7;-1.7
1;1;1;171;1;1;124.0;1;3;3;2;2;119.1;1;0;0;1;1;0;18;0;16.2;0.3;-0.92
1;43;1;9147;1;1;151.0;1;1;3;1;1;111.0;0;0;0;1;1;0;28;0;15.5;2.8;-4.06
1;43;1;9254;1;6;138.6;1;34;34;0;0;138.6;1;0;0;1;1;0;20;0;7.6;2.6;0.32
1;39;1;9254;1;19;133.1;1;38;37;4;5;102.5;0;0;1;0;1;0;24;0;16.2;0.3;-0.92
1;39;1;9254;1;19;133.1;1;37;37;90;90;100.0;0;0;0;1;1;0;48;0;7.6;2.6;0.32
1;44;1;9119;1;1;130.0;1;37;12;9;8;129.4;1;0;1;0;1;0;23;0;13.9;-0.3;0.79
1;44;1;9238;1;39;140.0;1;1;1;4;3;138.6;0;0;0;1;1;0;22;0;13.9;-0.3;0.79
1;16;1;171;1;1;122.0;1;19;37;9;7;133.9;1;0;0;1;1;0;25;0;12.4;0.5;1.79
1;7;1;9085;1;40;140.0;1;5;3;2;2;140.0;0;0;1;1;1;0;27;0;11.1;0.6;2.02
1;39;1;9119;1;12;133.1;1;34;34;0;0;95.1;0;0;0;0;1;0;49;0;10.8;1.4;1.74
1;39;1;9991;0;1;120.0;1;19;37;5;5;128.2;0;0;0;0;1;0;31;0;12.7;3.7;-1.7
1;39;1;9254;1;1;133.1;1;37;37;9;6;121.5;0;0;0;1;1;0;54;0;16.2;0.3;-0.92
1;7;1;33;1;40;120.0;1;38;37;5;6;120.0;1;0;1;0;1;0;25;0;11.1;0.6;2.02
1;7;1;9070;1;3;120.0;1;4;4;2;2;120.0;0;0;0;1;1;0;28;0;12.7;3.7;-1.7
1;43;1;9147;1;1;123.0;1;1;1;4;4;114.4;0;0;0;1;1;0;22;0;15.5;2.8;-4.06
1;1;1;9254;1;1;178.0;1;2;1;2;3;157.7;0;0;0;1;1;0;34;0;15.5;2.8;-4.06
1;39;1;9003;1;1;130.0;1;38;38;9;9;150.0;0;0;1;0;1;0;28;0;11.1;0.6;2.02
1;7;1;9003;1;3;140.0;1;39;39;9;4;140.0;0;0;0;1;1;0;50;0;15.5;2.8;-4.06
1;1;4;9147;1;1;108.0;1;3;1;3;4;109.1;1;0;0;1;1;0;19;0;12.4;0.5;1.79
1;43;1;9500;1;1;120.0;1;3;4;2;4;120.6;0;0;0;1;1;0;18;0;16.2;0.3;-0.92
2;39;1;9991;0;1;100.0;1;37;37;1;1;161.9;0;0;0;1;1;0;59;0;16.2;0.3;-0.92
2;7;1;9991;0;3;140.0;1;34;34;99;99;140.0;1;0;0;0;1;0;33;0;7.6;2.6;0.32
2;39;1;9991;0;19;133.1;1;37;1;5;5;138.3;0;0;0;1;1;0;44;0;13.9;-0.3;0.79
2;1;4;8014;0;1;140.0;1;34;34;0;0;128.0;1;0;0;1;1;0;37;0;9.4;-0.8;-3.12
2;39;1;171;1;19;100.0;1;37;37;9;9;139.0;0;0;0;1;1;0;36;0;10.8;1.4;1.74
1;1;2;9991;0;1;123.0;1;1;3;4;2;113.2;0;0;0;0;1;0;22;0;7.6;2.6;0.32
2;43;1;8014;0;1;120.0;1;37;37;5;5;161.1;0;0;0;1;1;0;47;0;16.2;0.3;-0.92
1;1;1;9254;1;1;133.1;1;38;1;9;9;121.0;0;0;1;0;1;0;21;0;8.9;1.4;3.51
2;42;1;9147;1;1;133.1;1;37;37;9;9;115.8;0;0;0;0;1;0;49;0;10.8;1.4;1.74
1;39;1;9991;0;1;133.1;1;3;38;2;7;121.7;0;0;0;1;1;0;31;0;13.9;-0.3;0.79
1;42;1;9119;1;1;120.0;1;5;5;2;2;115.0;0;0;0;1;1;0;30;0;15.5;2.8;-4.06
1;18;1;9147;1;1;131.0;1;34;34;90;90;131.0;0;0;0;1;1;0;22;0;9.4;-0.8;-3.12
1;17;1;171;1;1;132.0;1;1;37;4;9;127.1;0;0;0;0;1;0;21;0;7.6;2.6;0.32
1;43;2;9147;1;1;126.0;1;1;19;3;3;100.0;1;0;0;1;1;0;22;0;16.2;0.3;-0.92
1;39;1;9254;1;39;137.0;1;1;1;5;10;124.5;0;0;0;0;1;0;26;0;16.2;0.3;-0.92
1;17;1;9147;1;1;133.1;1;1;19;4;8;95.0;0;0;0;1;1;0;20;0;11.1;0.6;2.02
1;7;1;9130;1;3;140.0;1;2;38;2;3;140.0;1;0;0;0;1;0;18;0;12.7;3.7;-1.7
4;43;2;9991;0;38;133.1;1;3;1;2;9;125.4;0;0;0;1;1;0;39;0;10.8;1.4;1.74
1;1;1;9500;1;1;141.0;1;19;1;90;90;128.0;0;0;0;1;1;0;18;0;10.8;1.4;1.74
1;1;1;9147;1;1;150.0;1;34;19;0;4;152.8;1;0;0;1;1;1;18;0;7.6;2.6;0.32
1;1;1;9130;1;1;152.0;1;19;37;9;8;135.6;1;0;0;1;1;0;18;0;12.7;3.7;-1.7
1;39;1;9119;1;19;133.1;1;1;1;4;3;134.4;0;0;1;0;1;0;31;0;16.2;0.3;-0.92
1;39;1;9991;0;1;130.0;1;3;1;3;3;120.5;0;0;0;1;1;0;28;0;12.7;3.7;-1.7
1;1;1;9070;1;1;148.0;1;1;1;4;8;141.4;0;0;0;1;1;0;19;0;15.5;2.8;-4.06
4;39;1;9238;1;1;130.0;1;19;3;9;2;140.0;0;0;0;1;1;0;50;0;8.9;1.4;3.51
2;39;1;9991;0;1;130.0;1;37;37;9;9;140.0;1;0;0;1;1;0;31;0;9.4;-0.8;-3.12
2;39;1;9119;1;1;110.0;1;37;37;9;9;106.8;0;0;0;1;1;0;34;0;8.9;1.4;3.51
2;39;1;9991;0;1;110.0;1;37;37;1;4;120.0;1;0;0;0;1;0;40;0;9.4;-0.8;-3.12
2;39;1;9070;1;12;110.0;1;37;38;5;10;130.0;0;0;1;0;1;1;46;0;15.5;2.8;-4.06
1;43;5;8014;0;1;110.0;1;34;34;0;0;110.0;0;0;0;1;1;0;37;0;7.6;2.6;0.32
1;39;1;9003;1;1;133.1;1;19;37;9;7;110.0;1;0;0;1;1;0;31;0;16.2;0.3;-0.92
1;1;6;171;1;1;126.0;1;10;10;4;4;130.2;1;0;0;1;1;1;18;0;9.4;-0.8;-3.12
1;43;1;9991;0;1;100.0;1;37;19;9;4;130.0;0;0;0;1;1;0;40;0;15.5;2.8;-4.06
1;39;1;9130;1;1;120.0;1;1;38;9;9;150.0;0;0;0;1;1;0;25;0;12.4;0.5;1.79
1;17;5;9119;1;1;126.0;1;38;38;5;9;116.9;1;0;1;1;1;0;20;0;11.1;0.6;2.02
1;39;1;9003;1;1;111.0;1;37;37;9;10;95.8;1;0;0;0;1;0;43;0;15.5;2.8;-4.06
1;39;1;9670;1;1;133.1;1;19;19;3;3;125.3;0;1;0;1;1;1;30;0;12.4;0.5;1.79
1;1;2;9085;1;1;125.0;1;37;19;90;90;137.3;0;0;0;1;1;0;18;0;7.6;2.6;0.32
1;44;1;9003;1;39;150.0;1;1;38;6;6;150.0;1;0;0;1;1;0;21;0;16.2;0.3;-0.92
1;17;5;9254;1;1;113.0;1;1;1;2;3;110.2;1;0;0;1;1;0;21;0;9.4;-0.8;-3.12
1;42;1;9773;1;1;133.1;1;19;6;4;3;120.0;0;0;0;1;1;0;27;0;9.4;-0.8;-3.12
1;39;1;9130;1;1;133.1;1;1;19;4;5;120.0;1;0;0;1;1;0;29;0;10.8;1.4;1.74
1;1;1;9670;1;1;95.0;1;37;37;5;8;95.0;0;0;0;0;1;0;21;0;12.7;3.7;-1.7
1;39;1;9147;1;1;120.0;1;37;37;9;9;110.0;0;0;0;0;1;0;32;0;9.4;-0.8;-3.12
1;43;1;9991;0;1;136.0;1;3;4;2;2;133.9;0;0;0;0;1;0;26;0;7.6;2.6;0.32
1;7;1;9119;1;40;130.0;1;1;1;4;4;130.0;0;0;0;1;1;0;27;0;11.1;0.6;2.02
1;17;4;9147;1;1;132.0;1;38;19;5;5;120.8;1;0;0;1;1;1;18;0;11.1;0.6;2.02
1;39;2;9238;1;1;110.0;1;19;1;5;5;136.5;0;0;0;1;1;0;28;0;13.9;-0.3;0.79
2;39;1;9003;1;1;130.0;1;1;37;9;1;122.0;0;0;1;0;1;0;25;0;15.5;2.8;-4.06
1;43;1;9003;1;1;130.0;1;37;1;5;4;130.0;0;0;0;1;1;0;25;0;15.5;2.8;-4.06
1;1;1;9254;1;1;133.1;1;4;19;4;5;98.0;0;0;0;1;1;0;26;0;10.8;1.4;1.74
1;39;1;9003;1;1;140.0;1;1;3;4;5;130.0;0;0;0;1;1;0;25;0;16.2;0.3;-0.92
4;39;1;8014;0;19;100.0;1;1;37;9;1;111.5;0;0;0;1;1;0;45;0;10.8;1.4;1.74
1;1;1;9147;1;1;124.0;1;19;19;9;3;115.6;1;0;0;0;1;0;20;0;9.4;-0.8;-3.12
1;1;1;9500;1;1;142.0;1;1;38;9;9;127.0;0;0;1;0;1;0;21;0;12.4;0.5;1.79
4;39;1;9500;1;19;110.0;1;37;38;5;5;151.0;0;0;1;0;1;0;47;0;15.5;2.8;-4.06
1;18;1;9991;0;1;112.0;1;43;40;2;2;106.4;0;0;0;1;1;0;22;0;8.9;1.4;3.51
2;39;1;9991;0;1;100.0;1;37;37;9;9;125.3;1;0;0;1;1;0;41;0;7.6;2.6;0.32
1;7;1;9119;1;3;130.0;1;34;34;90;90;130.0;0;0;0;1;1;0;26;0;10.8;1.4;1.74
2;39;1;8014;0;1;133.1;1;34;34;90;90;116.0;0;0;0;0;0;0;51;0;10.8;1.4;1.74
1;43;2;9238;1;1;129.0;1;34;30;0;5;118.9;1;0;0;1;1;0;22;0;9.4;-0.8;-3.12
1;17;2;9070;1;1;127.0;1;37;37;9;9;119.3;1;1;0;1;1;1;25;0;12.7;3.7;-1.7
1;39;1;9085;1;2;140.0;1;38;38;9;10;150.0;0;0;0;1;1;0;47;0;16.2;0.3;-0.92
2;39;1;9991;0;19;133.1;1;37;37;5;5;111.9;1;0;0;1;1;0;41;0;7.6;2.6;0.32
1;39;1;9003;1;1;133.1;1;1;37;9;8;130.0;0;0;0;1;1;0;29;0;16.2;0.3;-0.92
1;39;2;9119;1;1;120.0;1;37;37;5;5;128.0;0;0;0;1;1;0;30;0;7.6;2.6;0.32
1;39;2;9147;1;38;133.1;1;19;38;9;9;102.5;0;0;0;0;1;0;26;0;12.7;3.7;-1.7
1;39;2;9991;0;1;133.1;1;19;38;9;9;102.5;0;0;0;0;1;0;27;0;15.5;2.8;-4.06
1;39;1;9003;1;19;133.1;1;1;19;4;10;114.0;0;0;0;1;1;0;29;0;15.5;2.8;-4.06
1;42;1;9119;1;1;120.0;1;34;34;0;0;128.2;1;0;0;1;1;0;35;0;9.4;-0.8;-3.12
1;1;3;9773;1;1;146.0;1;38;38;9;7;134.1;1;0;0;1;1;1;18;0;10.8;1.4;1.74
1;1;4;9119;1;1;111.0;1;37;37;9;5;107.5;1;0;0;1;1;1;22;0;11.1;0.6;2.02
1;7;1;9003;1;3;130.0;1;1;38;9;7;130.0;1;0;0;0;1;0;32;0;15.5;2.8;-4.06
1;43;1;9670;1;6;170.0;1;34;34;0;0;111.6;0;0;0;1;1;0;35;0;9.4;-0.8;-3.12
1;18;3;9147;1;1;133.1;1;1;38;4;7;101.0;1;0;0;0;1;0;23;0;8.9;1.4;3.51
2;43;1;9670;1;1;120.0;1;34;34;0;0;128.2;0;0;0;1;1;0;35;0;9.4;-0.8;-3.12
1;1;1;9853;1;1;133.1;1;34;34;0;0;142.8;0;0;0;1;1;0;20;0;7.6;2.6;0.32
1;7;1;9991;0;40;150.0;1;37;37;6;6;150.0;1;0;0;1;1;0;44;0;8.9;1.4;3.51
1;39;1;9119;1;19;120.0;1;37;37;9;4;98.6;0;0;1;0;1;0;28;0;12.4;0.5;1.79
1;7;1;9991;0;3;130.0;1;37;37;9;9;130.0;0;0;0;1;1;0;31;0;12.7;3.7;-1.7
1;39;1;9003;1;1;100.0;1;1;3;9;10;120.0;0;0;1;0;1;0;44;0;15.5;2.8;-4.06
1;18;1;9119;1;1;148.0;1;3;19;3;5;147.7;0;0;0;1;1;1;18;0;9.4;-0.8;-3.12
1;17;2;9119;1;1;135.0;1;12;19;5;5;121.0;0;0;0;1;1;0;19;0;12.4;0.5;1.79
2;39;1;9773;1;1;133.1;1;37;37;7;4;132.0;0;0;0;1;1;0;43;0;15.5;2.8;-4.06
1;18;3;9254;1;1;121.0;1;19;19;9;6;125.9;1;0;0;1;1;0;18;0;13.9;-0.3;0.79
1;1;1;171;1;1;159.0;1;3;3;2;2;165.7;1;0;0;1;1;0;18;0;9.4;-0.8;-3.12
1;17;5;9254;1;1;130.0;1;37;38;9;9;122.7;1;0;1;1;1;1;20;0;8.9;1.4;3.51
2;39;1;9991;0;1;121.0;1;37;19;9;9;141.4;0;0;1;0;1;0;29;0;10.8;1.4;1.74
1;39;1;9130;1;19;133.1;1;37;37;9;10;156.4;1;0;1;1;1;0;44;0;13.9;-0.3;0.79
1;43;1;9070;1;1;125.0;1;38;37;8;7;131.7;1;0;0;1;1;0;20;0;12.4;0.5;1.79
2;39;2;9147;1;1;120.0;1;37;37;9;9;104.7;1;0;0;1;1;0;36;0;10.8;1.4;1.74
2;39;1;9085;1;19;110.0;1;37;37;90;90;110.0;0;0;0;0;1;0;29;0;12.7;3.7;-1.7
1;1;1;9670;1;1;120.0;1;1;1;9;9;129.1;1;0;0;1;1;0;18;0;10.8;1.4;1.74
1;39;1;9003;1;1;133.1;1;1;1;1;6;120.0;0;0;0;0;1;0;24;0;13.9;-0.3;0.79
2;39;1;8014;0;19;133.1;1;19;37;9;9;151.5;0;0;1;0;1;0;45;0;16.2;0.3;-0.92
1;1;2;9147;1;1;140.0;1;19;19;9;4;127.8;1;0;0;1;1;0;23;0;9.4;-0.8;-3.12
2;39;1;9003;1;1;133.1;1;37;37;9;9;100.0;0;0;0;0;1;0;44;0;15.5;2.8;-4.06
4;39;1;9670;1;1;110.0;1;19;19;90;99;107.2;0;0;0;1;1;0;42;0;12.7;3.7;-1.7
1;18;1;9147;1;1;147.0;1;19;1;9;7;139.3;1;0;0;1;1;0;20;0;12.4;0.5;1.79
1;51;1;8014;0;1;120.0;1;1;1;4;4;128.5;0;0;1;0;1;0;26;0;12.4;0.5;1.79
1;39;1;171;1;19;133.1;101;1;19;2;7;110.0;0;0;0;1;1;1;25;1;15.5;2.8;-4.06
1;39;1;9238;1;19;133.1;1;37;37;9;9;120.0;0;1;1;1;0;0;40;0;16.2;0.3;-0.92
1;18;3;9853;1;1;122.0;1;38;37;9;5;120.3;1;0;0;1;0;0;19;0;10.8;1.4;1.74
1;10;2;9773;1;1;154.4;22;19;38;3;5;154.4;1;0;0;0;0;0;18;1;10.8;1.4;1.74
1;1;1;9670;1;1;126.0;1;1;3;4;3;122.5;1;0;0;1;0;0;19;0;8.9;1.4;3.51
1;17;1;9853;1;1;108.0;1;19;1;5;5;107.3;0;0;0;1;0;0;20;0;15.5;2.8;-4.06
1;17;4;9238;1;1;133.1;1;1;19;9;5;95.0;1;0;0;1;0;1;19;0;15.5;2.8;-4.06
1;1;4;9070;1;1;143.0;1;1;1;9;7;134.6;1;0;0;1;0;1;18;0;12.4;0.5;1.79
1;7;1;9147;1;3;120.0;1;1;39;4;7;120.0;0;0;0;1;0;0;33;0;12.4;0.5;1.79
1;1;1;9853;1;1;148.0;1;19;19;4;5;143.5;0;0;0;1;0;1;19;0;13.9;-0.3;0.79
1;17;1;9070;1;1;108.0;1;19;1;4;3;111.9;0;0;0;1;0;0;19;0;8.9;1.4;3.51
1;17;2;9254;1;1;113.0;1;1;2;5;3;106.7;1;0;1;1;1;1;19;0;13.9;-0.3;0.79
1;17;1;9991;0;1;160.0;1;34;34;0;0;161.8;1;0;1;1;1;0;33;0;7.6;2.6;0.32
1;1;1;9773;1;1;156.0;1;19;1;5;10;136.8;1;0;0;1;0;0;18;0;11.1;0.6;2.02
2;39;1;9500;1;19;133.1;1;38;38;2;10;120.0;0;0;0;1;0;0;37;0;16.2;0.3;-0.92
1;44;1;9085;1;39;120.0;1;37;37;9;9;120.0;1;0;1;1;0;0;32;0;16.2;0.3;-0.92
1;1;4;9254;1;1;110.0;1;37;37;9;7;113.2;1;0;0;1;0;0;24;0;10.8;1.4;1.74
1;39;1;9003;1;1;133.1;1;38;38;4;7;115.6;1;0;0;0;0;0;27;0;15.5;2.8;-4.06
1;17;1;9853;1;1;120.0;1;37;37;9;10;122.6;0;0;0;1;0;0;20;0;12.7;3.7;-1.7
1;39;1;9003;1;1;133.1;1;19;19;9;9;100.0;0;0;0;1;0;0;30;0;11.1;0.6;2.02
1;39;1;9556;1;1;120.0;1;19;19;4;5;122.8;0;0;0;1;0;0;26;0;13.9;-0.3;0.79
1;1;1;9070;1;1;133.1;1;1;37;5;9;143.0;1;0;1;1;0;0;21;0;12.7;3.7;-1.7
1;43;1;171;1;1;145.0;1;19;38;9;9;100.0;0;0;0;1;0;1;18;0;13.9;-0.3;0.79
1;17;3;9853;1;1;138.0;1;37;37;5;9;125.1;1;1;0;1;0;1;19;0;12.7;3.7;-1.7
1;1;5;9085;1;1;121.0;1;38;37;9;8;114.0;1;0;0;0;0;0;19;0;9.4;-0.8;-3.12
1;17;1;9238;1;1;152.0;1;37;37;7;5;132.1;1;0;0;1;0;0;19;0;9.4;-0.8;-3.12
1;1;1;9773;1;1;128.0;1;37;1;9;7;124.2;1;0;0;1;0;0;18;0;15.5;2.8;-4.06
2;43;1;9991;0;1;130.0;1;37;37;9;9;128.2;0;0;0;1;0;0;34;0;9.4;-0.8;-3.12
1;39;1;9991;0;1;130.0;1;1;38;4;9;115.0;0;0;0;1;1;0;25;0;16.2;0.3;-0.92
1;1;4;9119;1;1;126.0;1;3;19;2;9;123.6;1;0;0;1;1;0;18;0;8.9;1.4;3.51
1;1;1;9130;1;1;148.0;1;1;1;9;9;141.7;0;0;0;0;1;0;18;0;8.9;1.4;3.51
1;17;1;9853;1;1;160.0;1;19;38;5;7;139.0;1;0;0;1;0;1;18;0;9.4;-0.8;-3.12
1;17;2;9853;1;1;150.0;1;38;19;5;5;142.0;1;0;0;1;0;1;19;0;10.8;1.4;1.74
1;43;1;9991;0;1;133.1;41;37;37;9;8;114.7;0;0;0;1;0;0;34;1;10.8;1.4;1.74
1;39;1;9991;0;1;110.0;1;37;37;9;9;134.3;0;0;0;1;1;0;24;0;10.8;1.4;1.74
1;39;1;9991;0;1;130.0;1;1;1;9;7;152.1;0;0;0;1;1;0;28;0;11.1;0.6;2.02
1;17;1;9254;1;1;132.0;1;38;38;0;5;126.1;0;0;0;1;1;0;20;0;7.6;2.6;0.32
1;39;2;9556;1;1;133.1;1;3;1;2;4;136.1;0;0;0;1;1;0;26;0;12.4;0.5;1.79
1;1;2;9254;1;1;120.0;1;37;37;9;9;115.1;1;0;0;0;1;0;21;0;9.4;-0.8;-3.12
2;39;1;9119;1;19;133.1;1;37;37;9;9;100.0;0;0;0;1;1;0;36;0;16.2;0.3;-0.92
1;17;5;9670;1;1;127.0;1;3;4;2;2;122.8;0;0;0;1;1;0;20;0;10.8;1.4;1.74
1;39;1;9991;0;1;133.1;1;37;1;5;4;151.2;0;0;0;1;1;0;25;0;12.4;0.5;1.79
1;1;1;171;1;1;133.1;1;1;37;7;7;118.0;0;0;0;1;1;0;22;0;11.1;0.6;2.02
1;44;1;9003;1;39;130.0;1;38;38;9;5;130.0;0;0;1;0;1;0;20;0;16.2;0.3;-0.92
1;43;1;8014;0;12;133.1;1;37;1;9;10;112.5;0;0;0;1;1;0;50;0;16.2;0.3;-0.92
1;1;1;9500;1;1;125.0;1;19;38;9;8;118.3;0;0;0;1;1;0;20;0;10.8;1.4;1.74
1;7;1;9003;1;3;140.0;1;3;19;2;10;140.0;0;0;0;0;1;0;35;0;15.5;2.8;-4.06
2;39;2;9147;1;1;133.1;1;37;37;5;7;110.0;0;0;0;1;1;0;43;0;9.4;-0.8;-3.12
1;1;1;171;1;1;133.1;1;38;37;5;5;136.0;1;0;0;1;1;0;22;0;12.7;3.7;-1.7
1;1;1;9254;1;1;125.0;1;37;37;3;3;124.0;0;0;0;1;1;1;19;0;11.1;0.6;2.02
2;39;1;9991;0;1;120.0;1;19;37;3;9;132.9;0;0;0;1;1;0;32;0;13.9;-0.3;0.79
1;1;1;9500;1;1;133.1;1;1;19;3;5;115.0;0;0;0;0;1;0;20;0;16.2;0.3;-0.92
1;39;1;9991;0;1;120.0;1;1;1;5;5;96.0;1;0;0;0;1;0;38;0;8.9;1.4;3.51
2;39;1;9773;1;1;110.0;1;37;37;9;10;140.0;0;0;1;0;1;0;43;0;10.8;1.4;1.74
2;39;1;9991;0;19;133.1;1;19;19;4;4;150.0;0;0;0;0;1;0;49;0;15.5;2.8;-4.06
1;39;1;8014;0;1;133.1;1;37;38;9;9;148.5;0;0;0;1;1;0;34;0;11.1;0.6;2.02
1;1;2;9254;1;1;120.0;1;19;1;9;8;117.2;0;0;0;1;1;0;21;0;15.5;2.8;-4.06
2;42;1;9556;1;1;110.0;1;37;37;9;6;140.0;0;0;0;1;1;0;43;0;16.2;0.3;-0.92
2;39;1;9500;1;19;133.1;1;38;38;7;8;170.0;0;0;0;1;1;0;36;0;16.2;0.3;-0.92
1;7;1;9991;0;3;120.0;1;37;37;6;7;120.0;0;0;1;0;1;0;46;0;11.1;0.6;2.02
1;7;1;9003;1;3;130.0;1;1;19;5;9;130.0;0;0;0;1;1;0;27;0;16.2;0.3;-0.92
1;42;1;9119;1;1;140.0;1;19;19;90;90;120.0;0;0;1;0;1;0;31;0;12.7;3.7;-1.7
1;17;1;9773;1;1;145.0;1;1;38;90;8;132.8;1;0;0;0;1;0;21;0;10.8;1.4;1.74
1;17;1;9147;1;1;133.1;1;19;19;9;7;100.0;0;0;0;1;1;0;21;0;16.2;0.3;-0.92
1;39;1;9254;1;19;133.1;1;19;19;3;1;101.5;0;0;1;0;1;0;34;0;15.5;2.8;-4.06
1;44;1;9070;1;39;123.9;1;37;1;9;7;123.9;0;0;0;1;1;0;20;0;16.2;0.3;-0.92
1;1;1;171;1;1;127.0;1;1;1;4;3;126.3;1;0;1;1;1;0;21;0;16.2;0.3;-0.92
2;42;1;9003;1;1;120.0;1;3;1;2;2;113.3;0;0;0;1;1;0;26;0;12.4;0.5;1.79
1;17;1;9119;1;1;130.0;1;38;19;7;3;119.9;1;0;1;1;1;0;20;0;9.4;-0.8;-3.12
1;44;1;9003;1;39;140.0;1;1;38;1;9;140.0;0;0;0;1;1;0;25;0;15.5;2.8;-4.06
1;39;2;9147;1;1;143.0;1;19;5;4;1;100.0;1;0;0;1;1;0;24;0;9.4;-0.8;-3.12
1;1;1;9147;1;1;136.0;1;1;3;9;5;137.1;0;0;0;1;1;0;20;0;12.7;3.7;-1.7
1;43;1;8014;0;1;113.0;1;37;37;0;6;128.2;0;0;0;0;0;0;41;0;9.4;-0.8;-3.12
1;1;2;9147;1;1;130.0;1;37;38;7;9;117.8;0;0;1;1;0;1;19;0;12.7;3.7;-1.7
1;39;1;9085;1;1;110.0;1;1;1;5;5;160.0;1;0;1;1;0;0;30;0;13.9;-0.3;0.79
1;17;2;9147;1;1;133.0;1;19;1;9;3;120.1;1;0;0;1;0;1;18;0;13.9;-0.3;0.79
1;1;1;9130;1;1;144.0;1;3;1;2;4;134.9;1;0;1;1;0;0;18;0;15.5;2.8;-4.06
1;39;1;9254;1;1;133.1;1;19;19;4;7;123.0;0;0;1;0;0;1;28;0;13.9;-0.3;0.79
1;42;1;9003;1;1;130.0;1;3;2;2;6;105.3;0;0;0;0;1;0;36;0;16.2;0.3;-0.92
2;39;1;9991;0;1;110.0;1;37;37;9;9;130.0;0;0;0;0;1;0;42;0;12.7;3.7;-1.7
2;39;1;9991;0;1;150.0;1;37;37;9;7;122.5;0;0;0;1;1;0;47;0;7.6;2.6;0.32
1;39;1;9119;1;1;160.0;1;1;38;4;7;112.0;0;0;0;0;1;0;25;0;9.4;-0.8;-3.12
2;39;1;8014;0;19;133.1;1;19;37;6;8;149.5;0;0;0;1;1;0;48;0;12.4;0.5;1.79
1;7;1;9991;0;40;130.0;1;38;38;9;7;130.0;0;0;0;1;1;0;38;0;8.9;1.4;3.51
1;39;2;9147;1;1;120.0;1;37;37;9;9;104.0;0;0;0;0;1;0;26;0;10.8;1.4;1.74
1;44;1;9085;1;39;110.0;1;3;5;2;2;110.0;0;0;0;1;1;0;23;0;13.9;-0.3;0.79
1;39;1;9500;1;4;150.0;1;3;38;3;7;127.0;1;0;0;1;1;0;26;0;11.1;0.6;2.02
6;17;3;8014;0;1;115.0;1;19;1;5;90;115.0;0;0;0;0;0;0;24;0;10.8;1.4;1.74
1;1;1;9500;1;1;124.0;1;1;19;9;8;116.7;1;0;0;1;0;1;18;0;15.5;2.8;-4.06
1;1;1;9853;1;1;125.0;1;34;37;9;9;129.2;1;0;1;0;0;0;20;0;10.8;1.4;1.74
1;39;1;9773;1;9;133.1;1;38;1;5;4;102.0;1;0;0;1;1;0;28;0;7.6;2.6;0.32
1;39;1;9670;1;1;148.0;1;19;19;7;7;130.9;0;0;1;0;1;0;24;0;10.8;1.4;1.74
1;39;1;171;1;1;133.1;1;37;37;9;7;100.0;0;0;1;1;1;1;33;0;15.5;2.8;-4.06
1;17;1;9147;1;1;115.0;1;19;37;5;7;112.9;1;0;0;0;1;0;19;0;9.4;-0.8;-3.12
1;39;1;9500;1;1;137.0;1;37;37;9;9;141.0;0;0;0;1;1;0;36;0;12.4;0.5;1.79
1;42;1;9119;1;1;120.0;1;1;1;5;7;108.6;0;0;0;0;1;0;34;0;15.5;2.8;-4.06
1;44;1;9130;1;39;120.0;1;3;1;2;4;120.0;1;0;0;1;0;0;20;0;12.4;0.5;1.79
1;39;1;9500;1;1;100.0;1;19;1;1;90;114.0;1;0;1;0;0;0;31;0;7.6;2.6;0.32
1;18;5;9085;1;1;121.0;1;5;3;2;3;111.9;1;0;0;1;0;0;21;0;12.7;3.7;-1.7
1;17;1;9130;1;1;117.0;1;19;19;4;4;113.5;1;0;0;1;0;0;19;0;8.9;1.4;3.51
1;17;1;171;1;1;130.0;1;3;1;9;9;126.9;1;0;0;1;0;0;20;0;12.7;3.7;-1.7
2;39;1;9991;0;1;110.0;1;34;34;0;0;114.6;1;0;0;1;0;0;46;0;7.6;2.6;0.32
1;39;1;9991;0;1;140.0;1;37;37;9;5;140.0;0;0;0;0;0;0;37;0;15.5;2.8;-4.06
4;1;1;9991;0;1;130.0;1;37;37;9;9;118.1;0;0;1;0;0;0;37;0;12.7;3.7;-1.7
2;39;2;9556;1;12;133.1;1;34;34;99;99;100.5;0;0;0;1;0;0;39;0;11.1;0.6;2.02
2;39;1;9773;1;19;133.1;1;37;37;9;6;110.0;0;0;0;0;0;0;53;0;15.5;2.8;-4.06
2;42;1;9147;1;1;100.0;1;37;37;9;9;100.0;1;0;0;1;0;0;54;0;15.5;2.8;-4.06
1;18;2;9773;1;1;109.0;1;1;1;4;4;109.0;1;0;0;0;0;0;20;0;8.9;1.4;3.51
1;1;1;9500;1;1;125.0;1;19;19;9;10;122.0;1;0;1;1;0;0;19;0;11.1;0.6;2.02
1;17;1;9500;1;1;137.0;1;1;1;9;9;127.9;1;0;0;1;0;1;18;0;11.1;0.6;2.02
1;1;1;171;1;1;163.0;1;1;1;4;3;149.7;1;0;0;1;0;1;18;0;13.9;-0.3;0.79
1;17;2;9773;1;1;115.0;1;1;1;5;5;119.6;1;0;0;1;0;1;22;0;7.6;2.6;0.32
2;39;1;8014;0;19;133.1;1;3;19;90;90;123.5;0;0;0;1;0;0;50;0;10.8;1.4;1.74
2;39;1;9500;1;1;110.0;1;37;37;9;6;114.3;0;0;0;1;0;0;41;0;10.8;1.4;1.74
2;39;1;9991;0;12;133.1;1;37;34;90;90;110.7;1;0;0;1;0;0;50;0;7.6;2.6;0.32
1;39;1;9556;1;1;133.1;6;3;3;4;4;169.2;0;0;1;0;0;0;54;1;12.4;0.5;1.79
2;42;1;9853;1;1;133.1;1;37;37;4;7;100.0;0;0;0;1;0;0;34;0;12.7;3.7;-1.7
4;39;1;8014;0;1;133.1;1;38;37;5;7;144.5;0;0;0;1;0;0;45;0;16.2;0.3;-0.92
2;39;1;9991;0;1;133.1;1;37;37;9;9;113.4;0;0;0;1;0;0;33;0;12.4;0.5;1.79
1;39;1;9991;0;1;150.0;1;3;1;3;9;154.0;0;0;0;1;0;0;27;0;12.4;0.5;1.79
2;43;1;8014;0;1;130.0;1;34;34;0;0;130.0;0;0;0;1;0;0;45;0;9.4;-0.8;-3.12
2;7;1;8014;0;3;170.0;1;19;19;4;4;170.0;0;0;0;1;0;0;27;0;9.4;-0.8;-3.12
1;39;1;8014;0;1;133.1;1;37;37;9;7;129.0;0;0;0;1;0;0;37;0;16.2;0.3;-0.92
1;44;1;9003;1;1;140.0;1;1;19;3;9;140.0;1;0;1;0;0;0;23;0;12.4;0.5;1.79
1;17;2;9773;1;1;123.0;1;1;1;3;3;120.9;1;0;0;1;0;0;18;0;13.9;-0.3;0.79
1;43;4;9085;1;1;133.1;1;34;34;99;99;125.2;0;0;0;1;0;0;21;0;7.6;2.6;0.32
6;39;2;9147;1;1;133.1;1;37;37;9;9;110.0;0;0;0;1;0;0;47;0;9.4;-0.8;-3.12
1;43;1;9991;0;2;110.0;1;37;37;9;9;112.9;0;0;0;1;0;0;38;0;9.4;-0.8;-3.12
5;39;1;9003;1;19;133.1;1;19;1;9;9;119.4;0;0;1;0;0;0;27;0;8.9;1.4;3.51
2;39;1;9238;1;19;133.1;1;37;37;4;4;98.5;0;0;0;1;0;0;48;0;15.5;2.8;-4.06
1;39;1;9670;1;1;150.0;1;34;34;0;0;108.0;0;0;0;1;0;0;25;0;7.6;2.6;0.32
1;1;1;171;1;1;122.0;1;37;37;9;3;115.7;1;0;0;1;0;0;20;0;9.4;-0.8;-3.12
1;39;1;9991;0;9;133.1;1;37;34;90;90;118.1;1;0;0;1;0;0;39;0;7.6;2.6;0.32
1;1;1;9130;1;1;132.0;1;6;6;0;4;119.1;1;0;1;1;0;0;29;0;10.8;1.4;1.74
1;39;1;9991;0;1;130.0;1;37;37;6;6;111.9;0;0;1;1;0;0;36;0;12.7;3.7;-1.7
2;39;1;8014;0;12;133.1;1;34;34;0;0;135.0;0;0;0;1;0;0;51;0;7.6;2.6;0.32
1;43;1;9773;1;1;133.1;22;34;34;90;90;130.0;0;0;1;1;0;0;23;1;7.6;2.6;0.32
1;44;1;9085;1;1;150.0;1;29;10;6;6;150.0;1;0;0;1;0;0;21;0;10.8;1.4;1.74
1;43;5;9853;1;1;150.0;1;34;34;0;0;150.2;1;0;0;0;0;0;28;0;9.4;-0.8;-3.12
1;39;1;8014;0;1;100.0;1;37;37;6;5;107.5;0;0;0;1;0;0;41;0;12.7;3.7;-1.7
2;39;1;9853;1;1;133.1;1;37;19;9;5;138.3;0;0;0;1;0;0;45;0;11.1;0.6;2.02
1;44;1;9853;1;39;150.0;1;3;37;2;7;150.0;0;0;0;1;0;0;19;0;12.4;0.5;1.79
1;39;1;9085;1;1;140.0;1;3;3;4;2;141.7;1;0;0;1;0;0;27;0;12.4;0.5;1.79
1;39;1;171;1;1;140.0;1;37;37;9;9;100.8;0;1;0;1;0;0;26;0;16.2;0.3;-0.92
1;7;1;9500;1;3;130.0;1;37;37;9;5;130.0;0;0;0;1;0;0;36;0;16.2;0.3;-0.92
2;39;1;9853;1;19;133.1;1;37;19;3;7;100.0;0;0;0;1;0;0;45;0;7.6;2.6;0.32
1;18;3;9070;1;1;134.0;1;1;1;3;4;121.4;0;0;0;1;0;0;18;0;9.4;-0.8;-3.12
1;1;1;9070;1;1;124.0;1;19;19;9;9;138.4;1;0;1;1;0;1;19;0;13.9;-0.3;0.79
1;39;1;9991;0;3;120.0;1;19;1;9;5;134.0;0;0;0;1;0;0;25;0;16.2;0.3;-0.92
1;1;1;171;1;1;124.0;1;1;19;123;103;113.9;1;1;0;1;0;0;19;0;13.9;-0.3;0.79
1;42;1;9853;1;12;133.1;1;1;3;3;2;133.7;0;0;0;1;0;0;28;0;16.2;0.3;-0.92
1;1;1;9085;1;1;135.0;1;3;2;1;1;133.6;1;0;0;0;0;0;22;0;9.4;-0.8;-3.12
1;1;2;9773;1;1;144.0;1;3;3;3;2;140.2;1;0;0;1;0;0;20;0;16.2;0.3;-0.92
4;39;1;8014;0;1;138.0;1;19;19;90;90;127.0;0;0;0;0;0;0;37;0;10.8;1.4;1.74
1;1;3;9773;1;1;136.0;1;3;1;5;3;129.0;1;0;0;1;0;1;19;0;13.9;-0.3;0.79
1;17;3;9556;1;1;126.0;1;19;19;9;4;119.0;1;0;0;1;0;1;19;0;16.2;0.3;-0.92
1;1;1;9130;1;1;137.0;1;40;19;2;9;130.7;1;0;0;1;0;0;18;0;8.9;1.4;3.51
1;1;1;9085;1;1;132.0;1;2;2;6;6;128.5;0;0;0;1;0;0;18;0;12.4;0.5;1.79
1;1;6;9500;1;1;142.0;1;1;37;7;7;123.5;1;0;0;1;0;0;19;0;12.7;3.7;-1.7
1;17;1;9853;1;1;140.0;1;38;19;4;10;122.3;1;0;0;1;0;0;19;0;12.7;3.7;-1.7
1;1;4;9773;1;1;122.0;1;41;1;4;3;119.6;1;0;0;1;0;0;19;0;11.1;0.6;2.02
1;7;1;9853;1;3;130.0;1;37;37;9;9;130.0;0;0;0;1;0;0;28;0;7.6;2.6;0.32
1;1;2;9500;1;1;135.0;1;3;3;2;2;123.0;1;0;0;0;0;0;19;0;12.7;3.7;-1.7
1;1;1;9853;1;1;125.0;1;38;38;9;9;125.4;0;0;1;0;0;0;19;0;16.2;0.3;-0.92
1;1;3;9773;1;1;134.0;1;1;19;9;9;136.1;1;0;0;1;0;1;20;0;12.4;0.5;1.79
1;1;4;9773;1;1;137.0;1;37;37;0;90;134.2;1;0;0;1;0;0;18;0;10.8;1.4;1.74
2;39;1;9556;1;1;160.0;1;37;37;9;6;120.0;0;0;0;1;0;0;31;0;12.7;3.7;-1.7
1;17;1;9085;1;1;137.0;1;38;19;0;90;122.3;0;0;0;1;0;1;19;0;7.6;2.6;0.32
5;7;1;9130;1;3;160.0;1;19;38;9;6;160.0;0;0;0;0;0;0;27;0;10.8;1.4;1.74
1;1;1;8014;0;1;126.0;1;34;34;0;0;142.4;0;0;0;1;0;0;32;0;7.6;2.6;0.32
1;17;2;9254;1;1;129.0;1;12;37;9;9;122.0;1;0;0;1;0;0;18;0;10.8;1.4;1.74
1;17;3;9670;1;1;110.0;1;19;1;4;4;107.5;1;0;0;1;0;1;18;0;12.7;3.7;-1.7
1;17;2;9254;1;1;115.0;1;19;19;9;7;113.3;1;0;1;1;0;0;21;0;11.1;0.6;2.02
1;39;1;9085;1;12;133.1;1;37;37;10;9;144.0;0;0;0;1;1;0;51;0;12.4;0.5;1.79
1;39;1;8014;0;38;133.1;1;1;1;4;4;107.5;0;0;1;0;1;0;29;0;8.9;1.4;3.51
1;44;1;9238;1;39;130.0;1;1;19;4;5;127.4;0;0;1;0;1;0;27;0;13.9;-0.3;0.79
2;2;1;9147;1;2;120.0;1;37;37;9;9;120.0;0;0;0;0;1;0;57;0;9.4;-0.8;-3.12
1;39;1;9670;1;1;100.0;1;1;1;4;4;120.0;0;0;0;1;1;0;26;0;9.4;-0.8;-3.12
1;44;1;9085;1;39;160.0;1;12;38;4;8;160.0;1;0;0;1;1;0;23;0;12.4;0.5;1.79
1;1;1;9130;1;1;110.0;1;3;19;2;9;105.5;1;0;1;0;0;0;19;0;11.1;0.6;2.02
1;39;1;9991;0;1;150.0;1;37;37;9;7;150.0;0;0;0;1;0;0;27;0;15.5;2.8;-4.06
1;17;2;9254;1;1;130.0;1;19;19;7;7;121.6;1;0;0;1;0;1;18;0;12.7;3.7;-1.7
1;17;4;9773;1;1;119.0;1;38;19;9;9;118.3;0;0;0;1;0;0;19;0;15.5;2.8;-4.06
1;17;1;8014;0;1;127.0;1;19;37;4;7;115.8;0;0;0;1;0;0;24;0;10.8;1.4;1.74
1;39;1;9670;1;1;133.1;1;37;37;9;9;100.2;1;0;0;0;0;0;26;0;16.2;0.3;-0.92
1;1;1;171;1;1;180.0;41;37;37;9;9;152.7;1;0;1;0;1;0;27;1;7.6;2.6;0.32
2;39;1;9085;1;1;120.0;1;19;19;1;4;130.0;0;0;0;1;0;0;29;0;9.4;-0.8;-3.12
1;42;1;171;1;1;132.0;1;1;1;1;4;132.0;1;0;0;1;0;0;19;0;12.7;3.7;-1.7
1;17;4;9254;1;1;124.0;1;1;1;4;4;122.3;1;0;0;1;0;0;19;0;13.9;-0.3;0.79
1;1;5;9500;1;1;144.0;1;37;37;7;9;126.8;1;0;1;0;0;0;18;0;9.4;-0.8;-3.12
2;1;1;9991;0;2;120.0;1;37;37;6;3;129.2;0;0;0;1;0;0;31;0;9.4;-0.8;-3.12
1;1;1;9147;1;1;130.0;1;38;38;2;9;124.8;0;0;0;1;0;0;19;0;13.9;-0.3;0.79
1;1;1;171;1;1;159.0;1;3;1;4;4;162.2;1;0;1;0;0;0;18;0;12.4;0.5;1.79
1;1;1;9147;1;1;127.0;1;19;19;5;5;129.8;1;0;0;1;0;0;22;0;7.6;2.6;0.32
1;17;2;9853;1;1;123.0;1;3;1;2;3;124.1;1;0;0;1;0;0;18;0;15.5;2.8;-4.06
1;39;1;9991;0;1;150.0;1;19;38;9;8;140.9;0;1;0;1;0;0;24;0;10.8;1.4;1.74
1;1;1;9254;1;1;129.0;1;1;1;4;2;126.2;0;0;1;0;0;1;21;0;8.9;1.4;3.51
1;18;2;9853;1;1;123.0;1;1;3;9;2;123.7;1;0;1;0;0;0;20;0;10.8;1.4;1.74
1;17;3;9254;1;1;127.0;1;12;38;5;7;116.9;1;0;1;1;0;0;18;0;12.4;0.5;1.79
2;39;1;33;1;1;120.0;1;38;1;9;5;153.8;0;0;1;1;1;0;35;0;11.1;0.6;2.02
1;1;1;9670;1;1;133.0;1;38;38;9;9;128.1;1;0;0;1;1;1;18;0;13.9;-0.3;0.79
1;39;1;9130;1;19;133.1;1;19;3;9;2;140.0;1;0;1;1;1;0;24;0;16.2;0.3;-0.92
1;17;2;9119;1;1;116.0;1;19;1;9;7;112.2;0;0;0;1;1;0;19;0;16.2;0.3;-0.92
1;39;1;9130;1;10;133.1;1;12;36;90;90;128.2;0;0;0;0;1;1;30;0;9.4;-0.8;-3.12
1;1;1;9500;1;1;135.0;1;19;19;4;5;126.8;1;0;0;1;1;0;19;0;15.5;2.8;-4.06
1;17;1;9147;1;1;145.0;1;19;38;4;4;132.1;1;0;0;1;1;0;21;0;11.1;0.6;2.02
1;1;1;171;1;1;118.0;1;37;37;3;5;110.0;0;0;0;1;1;0;19;0;13.9;-0.3;0.79
1;39;1;9003;1;1;130.0;1;19;19;9;5;100.0;0;0;0;0;1;0;29;0;13.9;-0.3;0.79
1;1;1;9670;1;1;115.0;1;19;37;9;9;114.3;0;0;0;1;1;0;18;0;12.4;0.5;1.79
1;42;1;9070;1;1;120.0;1;3;2;3;1;116.9;0;0;0;1;1;0;20;0;13.9;-0.3;0.79
1;17;2;9773;1;1;120.0;1;1;1;2;5;127.0;1;0;0;0;1;0;18;0;8.9;1.4;3.51
1;7;1;9254;1;3;110.0;1;19;19;3;3;110.0;0;0;0;1;1;0;35;0;16.2;0.3;-0.92
2;39;1;9238;1;42;170.0;1;19;38;8;8;159.5;0;0;0;1;1;0;33;0;8.9;1.4;3.51
1;17;1;9773;1;1;125.0;1;3;3;2;3;118.0;1;0;0;1;1;0;19;0;13.9;-0.3;0.79
1;17;5;9773;1;1;139.0;1;38;1;4;4;123.6;1;0;0;1;1;0;18;0;7.6;2.6;0.32
1;39;1;9991;0;1;133.1;1;37;37;7;9;111.0;0;0;0;0;1;0;28;0;8.9;1.4;3.51
1;1;1;9773;1;1;109.0;1;2;3;3;3;111.8;1;0;1;1;1;0;25;0;15.5;2.8;-4.06
1;1;1;9238;1;1;135.0;1;1;38;4;6;122.1;0;1;1;0;1;0;19;0;8.9;1.4;3.51
1;44;1;9003;1;39;150.0;1;3;19;2;6;150.0;0;0;0;1;1;0;20;0;15.5;2.8;-4.06
1;17;2;9254;1;1;140.0;1;3;3;2;2;124.3;0;0;0;0;1;0;18;0;9.4;-0.8;-3.12
1;39;1;9991;0;1;140.0;1;1;37;9;8;154.5;0;0;0;1;0;0;26;0;16.2;0.3;-0.92
1;17;3;9670;1;1;147.0;1;37;37;8;8;128.8;0;0;1;1;0;0;19;0;9.4;-0.8;-3.12
1;39;1;9556;1;1;140.0;1;37;38;9;9;106.0;1;0;1;0;0;1;24;0;8.9;1.4;3.51
1;17;1;9991;0;1;120.0;1;38;3;9;3;116.9;1;0;1;0;0;0;26;0;10.8;1.4;1.74
1;39;1;9147;1;12;133.1;1;19;37;7;9;118.2;0;0;0;1;0;0;31;0;10.8;1.4;1.74
1;17;3;9085;1;1;120.0;1;37;38;9;9;111.3;0;0;0;1;0;0;20;0;11.1;0.6;2.02
1;39;1;8014;0;19;133.1;1;37;37;9;9;100.0;0;0;0;1;0;0;38;0;13.9;-0.3;0.79
1;17;3;9853;1;1;140.0;1;38;38;5;7;126.7;1;0;0;1;0;0;19;0;10.8;1.4;1.74
1;43;1;9773;1;1;129.0;1;1;1;4;8;129.0;0;0;0;0;0;0;21;0;10.8;1.4;1.74
1;7;1;9556;1;2;130.0;1;37;37;9;9;130.0;1;0;0;1;0;1;36;0;12.7;3.7;-1.7
1;43;1;9130;1;6;133.1;1;1;29;4;90;123.3;1;0;0;1;0;1;21;0;7.6;2.6;0.32
1;44;1;9130;1;39;130.0;1;1;3;9;2;130.0;1;0;1;1;0;1;21;0;13.9;-0.3;0.79
1;39;1;8014;0;1;100.0;1;12;5;9;4;116.5;0;0;1;0;0;0;37;0;8.9;1.4;3.51
1;1;1;9853;1;1;121.0;1;19;19;7;7;113.0;1;0;0;1;0;0;21;0;12.7;3.7;-1.7
2;39;1;9500;1;1;133.1;1;37;38;9;8;118.9;0;0;0;1;0;0;30;0;13.9;-0.3;0.79
1;43;2;9773;1;1;120.0;1;34;34;0;0;103.6;1;0;0;1;0;0;27;0;9.4;-0.8;-3.12
2;1;1;9254;1;1;136.0;1;37;37;9;9;122.7;0;0;0;1;0;1;45;0;7.6;2.6;0.32
1;39;1;9003;1;19;133.1;1;37;37;9;9;130.0;0;0;0;1;0;0;44;0;11.1;0.6;2.02
1;51;1;33;1;1;130.0;1;19;19;9;9;117.7;0;0;0;1;0;0;34;0;11.1;0.6;2.02
1;43;3;9147;1;1;127.0;21;3;37;3;3;117.9;1;0;0;1;0;0;22;1;7.6;2.6;0.32
2;7;1;8014;0;3;130.0;1;35;35;90;90;140.0;0;0;0;0;0;0;59;0;10.8;1.4;1.74
1;7;1;9556;1;43;160.0;1;38;19;9;9;160.0;0;0;0;1;1;0;36;0;11.1;0.6;2.02
1;17;6;9670;1;1;117.0;1;38;19;0;1;114.6;0;0;0;0;1;0;19;0;10.8;1.4;1.74
1;1;1;9238;1;1;125.0;1;1;1;5;5;128.5;0;0;0;1;1;0;20;0;16.2;0.3;-0.92
1;39;1;9003;1;1;130.0;1;37;37;9;7;113.0;1;0;0;0;1;0;35;0;15.5;2.8;-4.06
1;1;1;9238;1;1;170.0;1;37;37;0;0;150.8;1;0;0;1;0;0;27;0;7.6;2.6;0.32
1;39;1;9500;1;1;130.0;1;19;19;3;7;129.0;0;0;1;0;0;0;26;0;12.4;0.5;1.79
1;1;5;9500;1;1;141.0;1;38;19;7;7;132.5;1;0;0;0;0;0;19;0;12.7;3.7;-1.7
1;1;1;171;1;1;138.0;1;19;19;5;1;130.7;1;0;0;1;0;0;18;0;13.9;-0.3;0.79
2;39;1;9500;1;1;140.0;1;19;19;9;7;110.5;0;0;0;1;0;0;31;0;12.7;3.7;-1.7
1;1;2;9085;1;1;156.0;1;40;40;3;7;150.9;1;0;0;1;0;0;18;0;11.1;0.6;2.02
1;43;1;9991;0;1;100.0;1;3;19;1;1;117.9;0;0;0;0;1;0;40;0;10.8;1.4;1.74
1;7;1;9119;1;3;120.0;1;19;19;1;1;120.0;0;0;0;0;1;0;40;0;12.7;3.7;-1.7
1;43;1;9991;0;1;120.0;1;37;37;9;9;115.8;0;0;1;0;1;0;28;0;12.7;3.7;-1.7
1;1;6;9147;1;1;142.0;1;38;37;7;7;134.3;0;1;0;1;1;0;21;0;10.8;1.4;1.74
1;17;4;9147;1;1;135.0;1;19;1;0;4;128.7;1;0;0;1;1;0;22;0;7.6;2.6;0.32
1;17;3;9119;1;1;115.0;1;3;1;3;3;116.1;1;0;0;0;1;0;18;0;12.4;0.5;1.79
1;39;1;171;1;1;110.0;1;12;3;5;2;100.0;1;0;0;1;1;0;27;0;9.4;-0.8;-3.12
1;39;1;9130;1;39;150.0;1;1;3;4;1;150.0;0;0;0;1;1;0;28;0;16.2;0.3;-0.92
1;43;1;9254;1;1;110.0;1;12;19;9;9;125.0;0;0;0;0;1;0;31;0;7.6;2.6;0.32
1;17;1;9119;1;1;126.0;1;1;1;9;9;116.2;0;0;1;0;1;0;21;0;7.6;2.6;0.32
1;39;2;9670;1;19;133.1;1;34;34;0;0;100.0;1;0;0;0;1;0;27;0;7.6;2.6;0.32
1;44;1;9003;1;39;140.0;1;19;19;4;4;140.0;1;0;0;0;1;0;21;0;16.2;0.3;-0.92
1;43;1;9670;1;1;160.0;1;34;34;99;99;100.1;0;0;0;0;1;0;35;0;7.6;2.6;0.32
1;39;1;9085;1;1;133.1;1;37;36;90;7;128.2;0;0;0;1;1;0;28;0;7.6;2.6;0.32
1;1;3;9773;1;1;142.0;1;34;1;5;10;136.1;1;0;0;0;1;0;19;0;9.4;-0.8;-3.12
1;39;1;9085;1;1;110.0;1;40;1;5;6;142.5;0;0;1;0;1;0;37;0;8.9;1.4;3.51
1;1;1;9254;1;1;124.0;1;37;38;9;8;114.6;1;0;0;1;1;0;19;0;7.6;2.6;0.32
1;39;1;9500;1;1;120.0;1;37;37;9;8;108.5;0;0;0;1;1;0;36;0;13.9;-0.3;0.79
1;39;1;9147;1;12;133.1;1;37;37;9;9;140.0;0;0;0;1;1;0;29;0;9.4;-0.8;-3.12
1;51;1;9670;1;19;133.1;1;2;1;3;10;120.0;0;0;1;1;1;0;32;0;11.1;0.6;2.02
2;44;1;9003;1;39;140.0;1;37;37;4;7;140.0;0;0;0;1;1;0;37;0;16.2;0.3;-0.92
1;39;1;9119;1;1;138.7;1;1;12;4;3;111.3;0;0;0;1;1;0;27;0;13.9;-0.3;0.79
2;39;2;9003;1;19;133.1;1;38;19;4;1;110.0;0;0;0;0;1;0;32;0;15.5;2.8;-4.06
1;43;1;9003;1;1;120.0;1;3;3;1;2;115.0;0;0;0;1;1;0;22;0;16.2;0.3;-0.92
4;39;1;9500;1;1;133.1;1;1;19;3;3;154.3;0;0;0;1;0;0;32;0;12.4;0.5;1.79
1;17;4;9670;1;1;126.0;1;1;1;4;7;115.2;0;0;0;0;0;0;19;0;10.8;1.4;1.74
1;7;1;9147;1;2;150.0;1;3;37;2;5;150.0;1;0;1;0;0;0;38;0;15.5;2.8;-4.06
1;17;3;9853;1;1;132.0;1;34;34;0;0;131.3;1;0;0;1;0;0;21;0;7.6;2.6;0.32
1;1;1;9238;1;1;133.0;1;34;37;5;5;120.4;0;0;0;0;0;0;21;0;9.4;-0.8;-3.12
1;17;1;9254;1;1;150.0;1;1;1;9;10;142.7;0;0;1;1;0;0;18;0;7.6;2.6;0.32
1;7;1;9147;1;3;130.0;1;37;37;9;9;130.0;0;0;0;1;0;0;25;0;12.7;3.7;-1.7
1;39;1;9500;1;1;130.0;1;19;19;9;8;105.8;0;0;0;1;0;0;26;0;13.9;-0.3;0.79
1;26;1;9147;1;2;133.1;1;34;34;0;0;121.5;1;0;0;1;0;0;31;0;7.6;2.6;0.32
4;7;1;9147;1;3;130.0;1;19;1;5;5;130.0;0;0;0;1;0;0;35;0;11.1;0.6;2.02
1;1;6;9500;1;1;136.0;1;1;1;4;5;123.3;0;0;0;0;0;0;18;0;9.4;-0.8;-3.12
1;1;4;9500;1;1;137.0;1;1;19;4;7;126.7;1;0;0;1;0;0;18;0;15.5;2.8;-4.06
1;1;1;9254;1;1;133.1;1;38;19;3;3;98.6;0;0;0;1;0;0;21;0;12.7;3.7;-1.7
1;44;1;9085;1;39;130.0;1;37;38;9;6;130.0;1;0;0;1;0;0;23;0;11.1;0.6;2.02
1;17;1;9238;1;1;137.0;1;1;38;5;8;125.8;0;0;0;0;0;1;18;0;12.7;3.7;-1.7
2;39;1;9991;0;3;130.0;1;3;1;1;10;160.0;0;0;0;1;0;0;30;0;12.7;3.7;-1.7
1;1;1;9085;1;1;130.0;1;9;19;4;1;134.2;1;0;0;1;0;0;20;0;9.4;-0.8;-3.12
2;43;2;9147;1;1;160.0;1;37;37;9;9;96.0;0;0;0;0;0;0;29;0;10.8;1.4;1.74
1;43;1;8014;0;1;117.0;1;37;37;9;9;100.0;0;0;0;1;0;0;27;0;13.9;-0.3;0.79
2;7;1;9147;1;3;140.0;1;37;37;9;9;140.0;0;0;0;1;0;0;23;0;7.6;2.6;0.32
1;17;6;9500;1;1;142.0;1;19;37;4;9;131.9;1;0;0;1;0;0;19;0;13.9;-0.3;0.79
1;1;1;9773;1;1;143.0;1;1;38;8;8;136.7;1;0;0;1;0;1;18;0;11.1;0.6;2.02
1;17;2;9556;1;1;133.1;1;37;38;9;8;106.0;1;0;0;1;0;0;19;0;8.9;1.4;3.51
1;1;2;9070;1;1;134.0;1;1;19;3;3;127.7;1;0;0;0;0;0;18;0;13.9;-0.3;0.79
1;16;1;9085;1;1;150.0;1;3;3;2;1;153.5;1;0;0;1;0;0;19;0;13.9;-0.3;0.79
1;17;1;9147;1;1;117.0;1;37;37;9;9;109.3;0;0;0;0;0;0;22;0;9.4;-0.8;-3.12
4;43;4;9991;0;12;133.1;1;37;37;9;9;153.0;0;0;0;0;0;0;40;0;7.6;2.6;0.32
1;7;1;9085;1;3;120.0;1;37;37;7;7;120.0;0;0;0;1;0;0;32;0;15.5;2.8;-4.06
2;39;1;9147;1;1;130.0;1;37;37;9;9;117.9;0;0;0;1;0;0;35;0;10.8;1.4;1.74
4;39;1;8014;0;19;133.1;1;37;37;9;9;95.0;0;0;1;0;0;0;50;0;8.9;1.4;3.51
2;1;1;9147;1;1;133.1;1;34;34;0;0;131.8;0;0;0;1;0;0;24;0;7.6;2.6;0.32
1;1;5;9119;1;1;132.0;1;38;19;5;3;119.1;0;0;0;1;0;0;18;0;9.4;-0.8;-3.12
1;43;1;9991;0;1;141.0;1;37;37;9;9;131.9;0;0;0;1;0;0;21;0;9.4;-0.8;-3.12
1;44;1;9003;1;39;130.0;1;37;37;9;10;130.0;0;0;0;1;1;0;25;0;15.5;2.8;-4.06
2;39;1;9500;1;1;133.1;1;37;37;9;9;130.1;0;0;0;0;1;0;37;0;11.1;0.6;2.02
1;39;1;9500;1;1;133.1;1;37;37;7;7;124.5;0;0;0;0;1;0;38;0;11.1;0.6;2.02
2;39;1;9670;1;1;130.0;1;19;38;9;9;162.3;0;0;0;1;1;0;36;0;13.9;-0.3;0.79
1;1;1;9670;1;1;130.0;1;1;1;0;0;119.5;0;0;0;0;1;0;19;0;9.4;-0.8;-3.12
1;39;1;9130;1;1;150.0;1;1;1;4;10;110.0;0;0;1;1;1;0;24;0;9.4;-0.8;-3.12
1;1;1;171;1;1;162.0;1;37;37;9;9;142.8;1;0;0;1;1;0;21;0;12.7;3.7;-1.7
2;43;3;9991;0;1;120.0;1;37;37;9;9;128.2;1;0;0;1;1;0;32;0;7.6;2.6;0.32
2;39;1;9991;0;19;133.1;1;38;38;7;8;120.0;0;0;0;1;1;0;39;0;12.7;3.7;-1.7
1;7;1;9119;1;3;130.0;1;37;37;9;9;130.0;0;0;0;0;1;0;33;0;12.7;3.7;-1.7
2;39;1;9991;0;1;133.1;1;37;37;5;8;133.2;0;0;0;0;1;0;43;0;13.9;-0.3;0.79
2;43;1;9991;0;1;114.0;1;37;37;7;8;116.7;0;0;0;1;1;0;49;0;16.2;0.3;-0.92
1;1;1;9147;1;1;122.0;1;1;19;9;9;120.3;1;0;0;1;1;1;19;0;8.9;1.4;3.51
1;39;1;9070;1;1;140.0;1;37;37;9;10;118.0;0;0;1;1;1;1;45;0;16.2;0.3;-0.92
1;17;3;9147;1;1;127.0;1;37;37;5;7;116.2;0;0;0;1;1;0;18;0;9.4;-0.8;-3.12
1;17;1;9254;1;1;126.0;1;37;37;5;1;126.0;0;0;0;0;1;0;29;0;9.4;-0.8;-3.12
1;17;6;9500;1;1;140.0;1;1;1;4;3;130.7;1;0;0;1;1;1;18;0;11.1;0.6;2.02
1;1;1;171;1;1;140.0;1;19;19;1;1;129.5;1;0;0;1;1;0;20;0;10.8;1.4;1.74
4;39;1;9670;1;19;133.1;1;37;37;9;7;130.0;0;0;1;1;1;1;29;0;11.1;0.6;2.02
1;39;1;9670;1;1;120.0;1;11;11;90;4;114.0;1;0;0;1;1;0;29;0;7.6;2.6;0.32
1;17;1;171;1;1;123.0;1;3;12;2;9;116.4;1;0;1;1;1;0;19;0;10.8;1.4;1.74
1;1;1;9119;1;1;136.0;1;38;38;9;9;121.7;1;0;0;1;1;0;18;0;7.6;2.6;0.32
2;42;1;9254;1;1;136.0;1;2;2;134;112;130.0;1;0;0;1;1;0;22;0;7.6;2.6;0.32
1;43;1;9991;0;1;120.0;1;37;37;9;9;120.0;1;0;1;1;1;0;34;0;10.8;1.4;1.74
1;17;1;171;1;1;125.0;1;37;37;7;9;134.1;1;0;0;1;1;0;24;0;11.1;0.6;2.02
2;39;1;9003;1;1;111.0;1;1;3;4;2;162.4;0;0;1;0;1;0;49;0;8.9;1.4;3.51
1;43;1;9500;1;1;120.0;1;2;4;4;5;136.6;0;0;0;1;1;0;23;0;13.9;-0.3;0.79
1;18;3;9119;1;1;111.0;1;1;19;9;8;111.0;1;0;0;1;1;0;18;0;12.4;0.5;1.79
2;39;1;9254;1;19;133.1;1;34;34;0;0;120.0;0;0;1;0;1;0;45;0;9.4;-0.8;-3.12
1;39;1;9991;0;1;120.0;1;34;34;0;0;120.5;1;0;0;1;1;0;30;0;7.6;2.6;0.32
1;51;1;9991;0;39;120.0;1;1;4;4;10;118.1;0;0;0;1;1;0;28;0;8.9;1.4;3.51
1;39;1;9991;0;1;110.0;1;37;37;9;9;139.0;0;0;0;1;1;0;40;0;12.7;3.7;-1.7
1;39;2;9147;1;19;133.1;1;38;19;4;10;116.3;0;0;0;0;1;0;32;0;10.8;1.4;1.74
1;17;5;9254;1;1;118.0;1;19;37;5;5;120.5;1;0;0;1;1;0;19;0;7.6;2.6;0.32
1;17;1;9119;1;1;130.0;1;1;3;4;2;123.0;0;0;0;1;1;0;18;0;9.4;-0.8;-3.12
1;17;1;9670;1;1;132.0;1;38;37;9;9;122.9;0;0;0;0;1;0;20;0;10.8;1.4;1.74
2;43;1;9130;1;9;133.1;1;34;34;0;0;128.2;0;0;0;1;1;0;28;0;7.6;2.6;0.32
1;39;1;9670;1;1;140.0;1;37;37;9;9;148.0;1;0;0;0;1;0;31;0;12.7;3.7;-1.7
1;39;1;9238;1;19;133.1;1;37;37;9;9;139.0;0;0;1;0;1;0;33;0;16.2;0.3;-0.92
1;43;1;9147;1;1;120.0;1;37;37;5;3;113.4;0;0;0;1;1;0;22;0;12.7;3.7;-1.7
1;44;1;9119;1;39;150.0;1;19;37;9;9;150.0;1;0;1;1;1;0;20;0;12.4;0.5;1.79
1;39;1;9003;1;1;130.0;1;1;1;9;4;140.0;0;0;0;0;1;0;25;0;13.9;-0.3;0.79
1;39;1;9130;1;19;133.1;1;34;34;99;99;96.0;0;0;0;1;1;0;31;0;7.6;2.6;0.32
1;44;1;9119;1;39;160.0;1;3;38;2;3;160.0;0;0;1;0;1;0;24;0;8.9;1.4;3.51
1;44;1;9119;1;39;130.0;1;19;3;3;4;130.0;0;0;1;0;1;0;23;0;15.5;2.8;-4.06
2;39;1;9991;0;1;160.0;1;1;3;1;2;130.0;0;0;0;0;1;1;26;0;9.4;-0.8;-3.12
1;39;1;9085;1;19;133.1;1;3;1;2;5;103.0;0;0;0;1;1;0;25;0;10.8;1.4;1.74
1;43;1;9991;0;12;133.1;1;12;12;9;9;120.0;0;0;0;1;1;0;28;0;10.8;1.4;1.74
1;42;1;9500;1;1;100.0;1;19;19;9;9;100.0;0;0;1;1;1;0;24;0;12.7;3.7;-1.7
1;17;4;9085;1;1;126.0;1;1;3;5;5;123.9;1;0;0;1;1;0;21;0;10.8;1.4;1.74
1;39;1;9991;0;1;133.1;1;38;37;9;9;154.4;0;0;0;1;1;0;27;0;10.8;1.4;1.74
1;39;1;33;1;1;133.1;1;19;37;9;9;96.1;0;0;0;1;1;0;25;0;12.4;0.5;1.79
1;7;1;171;1;3;130.0;1;1;2;9;2;130.0;0;0;0;0;1;0;18;0;9.4;-0.8;-3.12
1;7;1;9991;0;40;130.0;1;1;3;4;2;130.0;0;0;0;1;1;0;27;0;8.9;1.4;3.51
1;7;1;9670;1;3;110.0;1;27;37;3;3;110.0;1;0;0;1;1;0;27;0;9.4;-0.8;-3.12
1;1;3;9773;1;1;127.0;1;19;38;8;3;133.7;1;0;1;1;1;0;18;0;12.7;3.7;-1.7
1;44;1;9003;1;39;140.0;1;19;38;9;10;140.0;0;0;0;1;1;0;19;0;13.9;-0.3;0.79
1;43;1;9147;1;1;133.1;1;4;19;2;1;128.2;0;0;0;1;0;0;23;0;9.4;-0.8;-3.12
1;18;4;171;1;1;133.0;1;1;4;9;5;129.2;1;0;1;0;1;0;20;0;9.4;-0.8;-3.12
1;44;1;9070;1;39;100.0;1;1;1;4;4;106.0;0;0;0;1;1;0;21;0;12.4;0.5;1.79
1;17;1;9119;1;1;125.0;1;19;1;5;4;121.5;1;0;0;1;1;0;20;0;11.1;0.6;2.02
1;44;1;9085;1;39;140.0;1;19;37;5;7;140.0;1;0;0;1;1;0;19;0;12.4;0.5;1.79
1;1;1;9119;1;1;132.0;1;1;12;3;3;133.1;1;0;0;1;1;0;19;0;11.1;0.6;2.02
1;17;1;9670;1;1;132.0;1;19;1;5;4;119.1;0;0;1;1;1;0;18;0;10.8;1.4;1.74
1;1;1;9238;1;1;133.0;1;19;38;9;7;131.3;1;0;1;1;0;0;18;0;8.9;1.4;3.51
1;15;1;9085;1;1;133.1;41;37;37;9;9;109.6;0;0;0;1;0;0;18;1;11.1;0.6;2.02
1;18;6;8014;0;1;134.0;1;3;19;2;4;120.7;1;0;0;1;0;0;23;0;13.9;-0.3;0.79
1;17;1;8014;0;1;119.0;1;34;34;0;0;112.4;1;0;0;1;0;0;26;0;7.6;2.6;0.32
1;1;1;171;1;1;143.0;1;3;37;9;9;142.7;1;0;0;1;0;0;18;0;16.2;0.3;-0.92
1;1;3;9773;1;1;117.0;1;38;19;7;7;110.4;1;0;1;0;0;0;19;0;16.2;0.3;-0.92
1;1;2;9254;1;1;112.0;1;37;37;6;6;106.1;1;0;0;0;0;0;20;0;11.1;0.6;2.02
1;17;1;9238;1;1;135.0;1;37;37;8;6;127.0;0;0;0;1;0;0;21;0;16.2;0.3;-0.92
5;39;1;9853;1;19;133.1;1;37;37;9;8;118.0;0;0;0;1;0;0;27;0;12.4;0.5;1.79
1;1;3;9238;1;1;124.0;1;19;1;7;10;116.0;1;0;1;1;0;0;19;0;13.9;-0.3;0.79
1;1;6;9500;1;1;126.0;1;12;37;5;9;121.8;1;0;0;1;0;0;19;0;12.4;0.5;1.79
2;42;1;9070;1;1;170.0;1;37;25;0;4;148.5;0;0;0;1;1;0;47;0;9.4;-0.8;-3.12
1;42;1;9147;1;1;130.0;1;34;34;99;99;109.8;1;0;0;0;1;0;23;0;7.6;2.6;0.32
1;1;2;9773;1;1;133.0;1;19;38;5;0;133.7;1;0;0;1;0;0;19;0;7.6;2.6;0.32
1;1;1;171;1;1;127.0;1;37;38;9;9;120.7;1;0;1;1;1;0;18;0;7.6;2.6;0.32
1;39;1;9991;0;1;110.0;1;37;37;9;9;121.8;0;0;0;0;1;0;36;0;12.7;3.7;-1.7
2;39;1;9147;1;1;160.0;1;37;37;9;7;110.0;0;0;0;1;1;0;30;0;15.5;2.8;-4.06
1;43;1;9003;1;1;120.0;1;1;1;4;10;134.4;0;0;0;1;1;0;24;0;15.5;2.8;-4.06
1;1;1;9147;1;1;133.1;1;34;34;0;0;125.3;0;0;0;1;1;0;26;0;7.6;2.6;0.32
1;1;1;9147;1;1;132.0;1;19;38;9;7;119.1;0;0;0;0;1;0;19;0;13.9;-0.3;0.79
1;17;5;9119;1;1;130.0;1;19;1;4;5;118.1;1;0;1;0;1;0;26;0;8.9;1.4;3.51
1;39;1;9670;1;1;140.0;1;38;37;7;7;105.2;0;0;0;1;1;0;29;0;16.2;0.3;-0.92
1;17;5;9119;1;1;131.0;1;19;37;9;7;123.3;1;0;0;1;1;1;19;0;8.9;1.4;3.51
1;17;1;171;1;1;129.0;1;1;1;9;9;124.8;1;0;0;1;1;0;18;0;12.7;3.7;-1.7
1;39;1;9991;0;19;133.1;1;19;37;9;9;149.4;0;0;0;0;1;0;29;0;11.1;0.6;2.02
1;1;1;9085;1;1;123.0;1;3;1;2;5;112.9;0;0;0;1;1;0;18;0;7.6;2.6;0.32
1;1;1;9147;1;1;125.0;1;1;1;4;2;134.1;1;0;0;1;1;0;20;0;8.9;1.4;3.51
1;39;1;9119;1;1;133.1;1;37;37;9;9;101.6;0;0;0;1;1;1;30;0;12.7;3.7;-1.7
1;51;1;9147;1;1;148.0;1;1;19;9;6;118.4;1;0;0;1;1;0;30;0;8.9;1.4;3.51
1;17;4;9070;1;1;128.0;1;1;1;9;10;136.1;1;0;1;0;1;0;19;0;11.1;0.6;2.02
1;17;2;9670;1;1;132.0;1;1;19;5;3;124.0;1;0;0;1;1;0;21;0;7.6;2.6;0.32
1;44;1;171;1;39;160.0;1;19;38;9;9;160.0;1;0;1;1;1;1;21;0;15.5;2.8;-4.06
1;39;1;9147;1;1;120.0;1;1;19;4;7;110.0;0;0;0;1;1;0;27;0;15.5;2.8;-4.06
1;43;1;33;1;1;134.0;1;37;37;1;1;100.0;1;0;0;1;1;0;32;0;13.9;-0.3;0.79
1;39;1;9670;1;12;133.1;1;37;1;9;3;120.0;0;0;1;0;1;0;40;0;15.5;2.8;-4.06
1;44;1;9130;1;39;140.0;1;4;4;2;10;140.0;1;0;0;1;1;0;20;0;12.7;3.7;-1.7
1;43;1;9147;1;1;122.0;1;1;38;1;7;118.9;0;0;0;1;1;0;21;0;12.7;3.7;-1.7
1;17;1;9670;1;1;141.0;1;19;37;5;8;130.2;0;0;0;1;1;0;18;0;12.7;3.7;-1.7
5;7;1;9070;1;3;140.0;1;37;37;7;7;140.0;0;0;0;0;1;0;30;0;15.5;2.8;-4.06
1;39;1;9003;1;12;133.1;1;19;1;9;1;130.0;0;0;0;1;1;0;29;0;15.5;2.8;-4.06
1;17;2;9119;1;1;137.0;1;1;1;4;4;130.4;1;0;1;1;1;0;18;0;7.6;2.6;0.32
1;1;2;9670;1;1;122.0;1;1;1;9;9;116.1;1;0;0;1;1;1;18;0;9.4;-0.8;-3.12
1;44;1;9003;1;39;130.0;1;1;1;3;10;130.0;0;0;0;1;1;0;22;0;15.5;2.8;-4.06
1;43;2;9991;0;1;140.0;1;37;37;5;5;124.3;1;0;0;0;1;0;27;0;12.7;3.7;-1.7
1;51;1;9070;1;1;122.0;1;38;38;9;9;128.8;1;0;0;1;1;0;21;0;8.9;1.4;3.51
2;39;1;9238;1;1;120.0;1;37;37;7;7;134.0;0;0;0;1;1;1;40;0;8.9;1.4;3.51
1;43;1;9147;1;1;129.0;1;19;1;9;5;112.0;0;0;0;1;1;0;22;0;12.7;3.7;-1.7
1;17;3;9119;1;1;131.0;1;37;37;9;7;118.4;0;0;0;1;1;0;18;0;7.6;2.6;0.32
1;51;1;9670;1;1;133.1;1;3;1;3;10;116.2;0;0;0;1;1;0;24;0;11.1;0.6;2.02
1;17;3;9853;1;1;133.1;1;12;1;4;0;134.8;1;0;0;1;0;0;18;0;7.6;2.6;0.32
1;1;3;9500;1;1;148.0;1;1;19;4;5;135.1;1;0;1;1;0;0;18;0;13.9;-0.3;0.79
1;39;1;9085;1;19;133.1;1;19;37;7;90;104.0;0;0;0;1;0;0;26;0;10.8;1.4;1.74
1;18;4;9500;1;1;137.0;1;3;1;3;4;126.7;1;0;0;1;0;0;18;0;13.9;-0.3;0.79
1;17;1;9991;0;1;140.0;1;38;37;6;7;127.3;0;0;0;1;0;0;20;0;11.1;0.6;2.02
1;7;1;9238;1;3;130.0;1;1;1;4;10;125.1;0;0;1;0;0;0;27;0;16.2;0.3;-0.92
1;17;1;9773;1;1;116.0;1;37;1;9;8;115.7;1;0;1;0;0;0;19;0;12.4;0.5;1.79
1;1;3;9773;1;1;131.0;1;1;1;4;4;127.2;1;0;0;1;0;1;18;0;12.4;0.5;1.79
1;44;1;9130;1;39;140.0;1;1;19;4;8;140.0;0;0;0;1;0;0;19;0;12.7;3.7;-1.7
1;39;1;9085;1;19;133.1;1;37;37;9;9;100.0;1;0;1;0;0;1;26;0;13.9;-0.3;0.79
1;1;1;9085;1;1;150.0;1;37;37;4;9;132.1;1;0;1;1;0;0;29;0;12.7;3.7;-1.7
1;7;1;8014;0;40;120.0;1;37;19;9;3;120.0;0;0;0;1;0;0;36;0;8.9;1.4;3.51
1;17;2;171;1;1;130.0;41;1;1;2;3;148.6;1;0;0;1;1;0;20;1;11.1;0.6;2.02
1;1;1;9238;1;1;116.0;1;38;38;9;8;108.7;1;0;0;1;1;0;18;0;11.1;0.6;2.02
1;17;1;9238;1;1;140.0;1;1;44;4;2;124.6;1;0;1;0;1;0;20;0;8.9;1.4;3.51
1;44;1;9130;1;39;130.0;1;3;1;3;6;130.0;1;0;1;1;1;0;20;0;12.4;0.5;1.79
1;18;1;9119;1;1;122.0;1;19;1;90;3;116.1;1;0;1;0;1;0;24;0;9.4;-0.8;-3.12
1;17;1;9773;1;1;128.0;1;19;38;5;7;125.6;1;0;0;1;1;0;19;0;8.9;1.4;3.51
1;17;1;9119;1;1;130.0;1;19;19;7;9;121.3;1;0;0;1;1;0;18;0;7.6;2.6;0.32
1;43;2;9670;1;1;135.0;1;3;19;1;7;123.5;1;0;0;1;1;0;22;0;16.2;0.3;-0.92
2;39;1;9085;1;12;133.1;1;1;39;5;3;140.0;1;0;1;0;0;0;32;0;13.9;-0.3;0.79
1;17;1;9853;1;1;133.1;1;34;19;0;3;117.1;1;0;0;1;0;1;21;0;7.6;2.6;0.32
1;1;1;9147;1;1;135.0;1;1;19;5;5;130.1;1;0;0;1;0;0;18;0;9.4;-0.8;-3.12
2;43;1;9991;0;1;130.0;1;37;37;9;9;110.0;1;0;0;1;0;0;38;0;7.6;2.6;0.32
4;27;1;9070;1;2;130.0;1;34;34;0;0;130.0;0;0;0;1;0;0;53;0;7.6;2.6;0.32
2;39;1;8014;0;1;120.0;1;34;34;0;0;104.0;0;0;0;1;0;0;54;0;7.6;2.6;0.32
1;39;1;8014;0;1;133.1;1;37;37;9;8;121.0;0;0;1;0;0;0;44;0;8.9;1.4;3.51
1;1;1;9238;1;1;117.0;1;19;19;9;9;111.8;1;0;0;1;1;0;19;0;8.9;1.4;3.51
1;17;1;9238;1;1;160.0;1;19;37;6;6;144.3;0;0;0;1;1;0;22;0;13.9;-0.3;0.79
1;39;1;9254;1;1;100.0;1;3;19;3;5;115.0;0;0;0;0;1;0;24;0;11.1;0.6;2.02
1;39;1;9003;1;1;160.0;1;1;38;5;6;168.6;0;0;0;1;1;0;26;0;13.9;-0.3;0.79
1;44;1;9130;1;39;130.0;1;38;19;9;9;150.0;0;0;0;1;1;0;24;0;11.1;0.6;2.02
1;1;1;171;1;1;130.0;1;1;38;7;8;135.6;1;0;0;1;1;0;26;0;11.1;0.6;2.02
1;39;1;9254;1;19;133.1;1;37;37;9;4;100.0;0;0;0;1;1;0;27;0;16.2;0.3;-0.92
1;1;1;9119;1;1;129.0;1;12;1;4;10;124.1;1;0;0;1;1;0;19;0;7.6;2.6;0.32
1;1;1;9085;1;1;148.0;1;38;38;4;9;131.6;0;0;0;1;1;1;18;0;11.1;0.6;2.02
1;1;1;9238;1;1;116.0;1;38;19;8;10;110.8;1;0;0;1;1;0;19;0;16.2;0.3;-0.92
2;39;1;9003;1;1;120.0;1;2;2;1;4;100.0;0;0;0;1;1;0;30;0;15.5;2.8;-4.06
1;43;1;9773;1;1;121.0;1;1;3;9;3;123.8;0;0;0;0;1;0;22;0;10.8;1.4;1.74
1;17;1;9147;1;1;137.0;1;3;38;1;9;131.4;0;0;0;0;1;0;19;0;15.5;2.8;-4.06
1;1;1;9147;1;1;115.0;1;38;1;9;8;118.5;0;0;0;1;1;0;21;0;7.6;2.6;0.32
1;1;2;171;1;1;129.0;1;37;37;9;9;122.0;1;0;0;0;1;0;22;0;7.6;2.6;0.32
1;39;1;9003;1;19;133.1;1;3;1;2;8;100.0;1;0;0;1;1;0;35;0;13.9;-0.3;0.79
1;16;2;9147;1;1;131.0;1;37;37;9;9;135.9;1;0;0;1;1;0;20;0;7.6;2.6;0.32
1;39;1;9085;1;12;133.1;1;34;34;99;99;128.2;0;0;1;0;1;0;27;0;7.6;2.6;0.32
1;43;1;9773;1;1;114.0;1;37;38;9;5;107.4;1;0;0;0;1;0;26;0;9.4;-0.8;-3.12
1;17;1;9773;1;1;127.0;1;1;33;3;3;129.8;0;0;0;0;1;0;20;0;10.8;1.4;1.74
1;39;1;9003;1;1;130.0;1;37;37;6;6;100.0;0;0;1;0;1;0;28;0;15.5;2.8;-4.06
1;43;1;9991;0;1;120.0;1;37;19;9;9;107.0;0;0;0;0;1;0;47;0;12.7;3.7;-1.7
4;39;1;9773;1;12;120.0;1;37;37;4;9;130.0;0;0;0;0;1;0;55;0;10.8;1.4;1.74
1;43;1;9003;1;1;120.0;1;37;37;5;9;120.0;1;0;0;1;1;0;39;0;16.2;0.3;-0.92
2;1;1;9003;1;1;120.0;1;37;37;9;9;120.5;1;0;1;1;1;0;35;0;15.5;2.8;-4.06
1;39;1;9238;1;1;133.1;1;37;29;0;4;120.5;0;0;0;0;1;0;32;0;7.6;2.6;0.32
1;1;1;9670;1;1;116.0;1;38;19;0;2;116.7;1;0;0;1;1;0;21;0;9.4;-0.8;-3.12
1;43;1;9991;0;1;133.1;1;37;19;3;10;136.1;0;0;0;1;1;1;42;0;13.9;-0.3;0.79
1;39;1;9003;1;19;133.1;1;37;19;9;7;134.3;0;0;0;1;1;0;25;0;12.4;0.5;1.79
1;18;1;9773;1;1;167.0;1;38;38;6;7;153.0;1;0;0;1;1;1;18;0;8.9;1.4;3.51
1;43;1;9085;1;1;110.0;1;3;19;4;6;105.0;0;0;1;0;1;0;34;0;13.9;-0.3;0.79
1;17;2;9773;1;1;150.0;1;1;1;4;5;130.8;0;0;0;1;1;0;20;0;10.8;1.4;1.74
1;1;1;9500;1;1;123.0;1;37;37;7;7;119.7;0;0;0;1;1;0;20;0;13.9;-0.3;0.79
1;39;1;9085;1;1;133.1;1;1;1;4;4;120.0;0;0;1;0;1;0;31;0;9.4;-0.8;-3.12
1;1;2;9070;1;1;128.0;1;19;19;3;3;123.5;1;1;0;0;1;0;19;0;9.4;-0.8;-3.12
1;39;1;9130;1;1;133.1;1;1;1;90;1;120.0;1;0;1;0;1;0;41;0;12.7;3.7;-1.7
1;43;1;9500;1;19;133.1;1;34;34;0;0;110.0;1;0;0;1;1;0;27;0;7.6;2.6;0.32
1;17;1;9500;1;1;145.0;1;1;1;4;10;131.4;0;0;0;1;0;0;19;0;13.9;-0.3;0.79
1;1;1;9670;1;1;123.0;1;37;38;9;9;113.9;1;0;1;0;0;0;18;0;10.8;1.4;1.74
4;39;1;9085;1;1;110.0;1;37;37;90;90;110.0;0;0;0;0;0;0;35;0;9.4;-0.8;-3.12
2;39;1;9147;1;1;140.0;1;38;37;4;7;130.0;1;0;0;0;0;0;39;0;9.4;-0.8;-3.12
1;18;6;9500;1;1;142.0;1;38;37;9;5;128.0;1;0;0;0;0;0;19;0;11.1;0.6;2.02
1;39;1;9119;1;1;110.0;1;37;37;90;90;108.4;1;0;0;1;0;0;34;0;10.8;1.4;1.74
2;43;1;9991;0;3;140.0;1;37;19;9;4;140.0;0;0;1;1;0;0;34;0;16.2;0.3;-0.92
1;1;2;9773;1;1;130.0;1;38;37;5;3;122.3;1;0;1;0;0;0;18;0;13.9;-0.3;0.79
1;18;3;9670;1;1;119.0;1;38;38;9;9;115.2;1;0;0;1;0;1;19;0;12.7;3.7;-1.7
1;1;1;9130;1;1;106.0;1;37;37;9;9;108.0;1;0;1;1;0;0;20;0;9.4;-0.8;-3.12
1;39;1;9853;1;19;133.1;1;19;4;9;4;116.0;1;0;0;1;0;0;29;0;11.1;0.6;2.02
5;39;1;9147;1;1;180.0;1;1;1;4;8;140.5;0;0;1;0;0;0;24;0;13.9;-0.3;0.79
5;39;1;9003;1;1;180.0;1;1;1;4;8;179.6;0;0;1;0;0;0;27;0;8.9;1.4;3.51
1;17;4;9556;1;1;135.0;1;38;37;3;7;129.0;1;0;0;1;0;0;21;0;12.7;3.7;-1.7
1;18;1;9085;1;1;153.0;1;37;37;9;9;138.0;1;0;0;1;0;1;21;0;8.9;1.4;3.51
1;7;1;9147;1;3;150.0;1;6;27;1;7;150.0;0;0;0;1;0;0;26;0;9.4;-0.8;-3.12
1;1;1;9773;1;1;125.0;1;3;2;2;1;119.1;1;0;0;1;0;0;22;0;9.4;-0.8;-3.12
1;39;1;9500;1;19;133.1;1;1;19;4;10;111.8;1;0;0;1;0;0;27;0;11.1;0.6;2.02
1;39;1;9085;1;1;133.1;1;37;37;9;9;120.0;0;0;0;0;0;0;32;0;11.1;0.6;2.02
1;17;1;9238;1;1;120.0;1;19;19;4;5;114.8;1;0;1;0;0;0;19;0;16.2;0.3;-0.92
1;44;1;9003;1;39;140.0;1;19;19;9;4;140.0;0;0;0;1;0;0;21;0;15.5;2.8;-4.06
1;39;1;9003;1;1;135.0;1;38;38;9;6;138.1;0;0;1;0;0;0;28;0;8.9;1.4;3.51
1;1;1;9853;1;1;114.0;1;19;37;5;5;109.5;1;0;0;1;0;0;19;0;16.2;0.3;-0.92
2;39;1;9991;0;1;133.1;1;37;37;9;9;126.5;0;0;0;1;0;0;27;0;7.6;2.6;0.32
1;1;1;9853;1;1;128.0;1;1;1;9;9;120.0;1;0;0;1;0;0;18;0;12.7;3.7;-1.7
4;7;1;9500;1;40;130.0;1;19;19;4;6;130.0;0;0;0;0;0;0;42;0;12.4;0.5;1.79
1;17;6;9500;1;1;147.0;1;1;38;4;8;141.1;1;0;0;1;0;0;20;0;13.9;-0.3;0.79
2;39;1;9119;1;1;140.0;1;34;34;9;9;140.0;0;0;0;0;1;0;34;0;15.5;2.8;-4.06
1;42;1;9119;1;1;140.0;1;3;3;3;2;133.6;1;0;0;1;1;0;22;0;10.8;1.4;1.74
2;39;1;9085;1;1;150.0;1;37;37;90;10;112.0;0;0;0;1;1;0;34;0;10.8;1.4;1.74
1;39;1;9003;1;1;133.1;1;1;37;4;7;110.0;0;0;0;1;1;0;31;0;16.2;0.3;-0.92
1;18;3;9853;1;1;128.0;1;38;37;5;9;116.8;1;0;0;0;1;0;19;0;10.8;1.4;1.74
1;17;5;9254;1;1;114.0;1;38;1;5;9;109.5;0;0;0;1;1;0;19;0;10.8;1.4;1.74
1;39;1;9556;1;19;133.1;1;37;37;9;10;100.0;0;0;0;1;1;0;31;0;15.5;2.8;-4.06
2;39;2;9670;1;1;133.1;41;37;19;9;9;130.0;0;0;0;1;0;0;30;1;9.4;-0.8;-3.12
4;39;1;9991;0;1;133.1;1;37;37;5;5;138.7;0;0;0;1;0;0;31;0;10.8;1.4;1.74
1;17;1;9254;1;1;134.0;1;19;1;9;4;124.9;1;0;0;1;0;0;19;0;7.6;2.6;0.32
4;39;1;8014;0;1;133.1;1;37;37;9;7;140.0;0;0;0;1;0;1;43;0;8.9;1.4;3.51
1;1;1;9670;1;1;133.1;1;3;1;1;7;155.0;0;0;0;1;0;0;22;0;9.4;-0.8;-3.12
1;7;1;9500;1;3;120.0;1;19;3;4;2;120.0;1;0;0;1;0;0;29;0;12.7;3.7;-1.7
1;1;6;9500;1;1;139.0;1;19;38;4;9;128.5;1;0;0;1;0;0;19;0;12.7;3.7;-1.7
4;7;1;9500;1;3;130.0;1;3;19;2;3;130.0;0;0;0;1;0;0;43;0;16.2;0.3;-0.92
1;1;1;171;1;1;159.0;1;3;3;2;2;162.5;1;0;0;1;1;0;19;0;16.2;0.3;-0.92
2;39;1;8014;0;19;133.1;1;34;34;0;0;130.0;0;0;0;1;1;0;38;0;9.4;-0.8;-3.12
2;7;1;9130;1;2;110.0;1;19;19;4;8;110.0;1;0;0;1;1;0;37;0;16.2;0.3;-0.92
1;1;1;9500;1;1;140.0;1;19;38;7;8;129.9;0;0;0;1;0;0;19;0;16.2;0.3;-0.92
1;1;1;9130;1;1;164.0;1;34;1;0;0;163.0;0;0;0;1;0;0;18;0;7.6;2.6;0.32
1;1;1;9254;1;1;122.0;1;37;37;9;9;114.3;1;0;0;0;0;1;20;0;7.6;2.6;0.32
1;39;1;9085;1;1;133.1;1;3;19;2;9;110.0;0;0;0;1;0;0;28;0;11.1;0.6;2.02
1;1;3;9773;1;1;130.0;1;19;19;5;5;157.0;1;0;0;0;0;0;18;0;13.9;-0.3;0.79
2;7;1;8014;0;3;120.0;1;38;1;9;9;120.0;0;0;0;0;0;0;35;0;10.8;1.4;1.74
1;1;2;9254;1;1;130.0;1;1;38;4;9;122.7;1;0;0;1;0;0;18;0;7.6;2.6;0.32
1;17;3;9085;1;1;117.0;1;19;38;5;7;111.1;0;0;0;1;0;0;21;0;15.5;2.8;-4.06
1;1;5;9070;1;1;134.0;1;34;1;5;7;129.8;1;0;0;1;0;0;18;0;9.4;-0.8;-3.12
1;1;1;171;1;1;140.0;1;37;37;7;9;126.8;1;0;0;0;0;1;18;0;12.7;3.7;-1.7
2;39;1;9147;1;1;130.0;1;1;19;9;9;109.9;0;0;0;0;0;0;29;0;12.7;3.7;-1.7
1;44;1;9130;1;39;160.0;1;1;37;3;3;160.0;1;0;1;0;0;0;36;0;12.4;0.5;1.79
2;43;1;8014;0;14;133.1;1;34;34;0;0;100.0;0;0;0;0;0;0;34;0;9.4;-0.8;-3.12
1;43;1;9991;0;1;140.0;1;37;38;9;8;135.5;0;0;1;0;0;0;29;0;16.2;0.3;-0.92
1;1;1;9500;1;1;145.0;1;1;1;4;10;145.0;0;0;0;1;0;0;18;0;12.4;0.5;1.79
1;17;2;9556;1;1;120.0;1;37;37;5;5;111.3;1;0;0;1;0;0;32;0;16.2;0.3;-0.92
1;18;1;9238;1;1;147.0;1;38;34;4;0;130.2;0;0;0;1;0;0;18;0;10.8;1.4;1.74
1;1;6;9500;1;1;129.0;1;37;19;9;7;127.8;1;0;0;1;0;0;19;0;9.4;-0.8;-3.12
4;39;2;9556;1;1;133.1;1;38;37;7;7;101.5;1;0;0;1;0;0;24;0;10.8;1.4;1.74
1;17;2;9853;1;1;133.1;1;37;37;5;0;111.5;0;0;0;1;0;0;18;0;7.6;2.6;0.32
4;7;1;9238;1;40;130.0;1;34;34;99;99;130.0;0;0;1;1;0;0;41;0;11.1;0.6;2.02
1;7;1;9070;1;3;133.1;1;3;5;2;2;120.0;1;0;0;1;0;0;32;0;7.6;2.6;0.32
1;1;1;9238;1;1;133.1;1;19;1;1;3;101.0;0;0;0;1;0;0;21;0;15.5;2.8;-4.06
2;39;1;9500;1;19;133.1;1;37;38;9;10;120.9;1;0;0;1;0;0;39;0;11.1;0.6;2.02
1;1;1;9853;1;1;121.0;1;37;19;6;7;116.8;1;0;0;1;0;0;18;0;9.4;-0.8;-3.12
1;1;5;9130;1;1;160.0;1;3;1;2;9;150.2;1;0;0;1;0;0;19;0;12.7;3.7;-1.7
4;43;1;9853;1;1;133.1;100;19;22;90;90;100.0;0;0;0;1;0;0;33;1;7.6;2.6;0.32
1;43;3;171;1;1;140.0;1;37;38;7;7;143.4;1;0;0;1;0;0;21;0;9.4;-0.8;-3.12
1;1;1;9773;1;1;116.0;1;37;37;0;5;114.3;1;0;0;1;0;0;20;0;7.6;2.6;0.32
1;43;1;9853;1;1;110.0;1;37;37;9;9;107.7;0;0;1;0;0;0;28;0;10.8;1.4;1.74
1;39;1;9556;1;1;133.1;1;44;40;2;2;115.5;0;0;0;1;0;0;36;0;11.1;0.6;2.02
1;43;1;9991;0;39;160.0;1;37;37;9;9;160.0;0;0;0;1;0;0;24;0;9.4;-0.8;-3.12
1;1;5;9147;1;1;122.0;1;38;38;9;9;117.5;1;0;1;0;0;0;22;0;12.7;3.7;-1.7
1;1;1;9238;1;1;123.0;1;34;38;0;7;120.2;1;0;0;1;0;0;20;0;7.6;2.6;0.32
1;1;1;171;1;1;152.0;1;1;38;4;9;160.4;1;0;0;0;0;0;19;0;7.6;2.6;0.32
1;1;1;171;1;1;140.0;1;19;37;5;6;137.9;1;0;1;0;0;0;18;0;8.9;1.4;3.51
1;1;6;9773;1;1;133.1;1;1;37;3;3;100.0;1;0;1;0;0;0;20;0;12.4;0.5;1.79
1;1;1;9670;1;1;133.1;1;34;38;0;4;147.0;0;0;0;1;0;0;22;0;9.4;-0.8;-3.12
1;17;2;8014;0;1;133.0;1;19;1;5;5;119.7;1;0;0;1;0;1;19;0;9.4;-0.8;-3.12
2;39;1;9085;1;1;133.1;1;36;36;99;5;128.2;0;0;0;0;0;1;28;0;9.4;-0.8;-3.12
1;43;1;9670;1;1;134.0;1;1;38;4;4;120.7;0;0;1;0;0;0;19;0;15.5;2.8;-4.06
1;1;1;9085;1;1;123.0;1;38;19;4;90;127.2;0;0;1;0;1;0;20;0;7.6;2.6;0.32
1;1;3;9500;1;1;140.0;1;37;37;9;9;141.5;1;0;1;0;0;0;19;0;10.8;1.4;1.74
1;17;1;9238;1;1;111.0;1;19;38;3;3;111.4;1;0;0;0;0;0;19;0;12.7;3.7;-1.7
1;1;1;171;1;1;150.0;1;3;3;2;5;154.6;1;0;0;1;0;0;19;0;8.9;1.4;3.51
1;18;4;9853;1;1;118.0;1;19;37;9;6;111.4;1;0;1;0;0;0;20;0;11.1;0.6;2.02
2;43;1;9991;0;1;150.0;1;38;19;3;3;120.1;0;0;0;0;0;0;39;0;10.8;1.4;1.74
2;39;1;9500;1;3;130.0;1;1;1;4;6;140.0;0;0;1;0;0;0;30;0;13.9;-0.3;0.79
4;39;1;9500;1;19;133.1;1;37;37;5;7;100.0;0;0;0;0;0;0;40;0;9.4;-0.8;-3.12
1;1;1;9147;1;1;112.0;1;9;22;4;3;106.1;0;0;0;1;0;0;20;0;9.4;-0.8;-3.12
1;18;2;9853;1;1;120.0;1;19;37;9;4;113.7;1;0;1;0;0;0;19;0;12.4;0.5;1.79
1;1;1;9670;1;1;121.0;1;37;37;5;9;116.5;1;0;0;1;0;0;23;0;7.6;2.6;0.32
1;7;1;8014;0;4;120.0;1;2;3;2;2;120.0;0;0;0;1;0;0;18;0;15.5;2.8;-4.06
1;1;1;9773;1;1;134.0;1;37;19;9;10;141.4;1;0;0;1;0;0;19;0;9.4;-0.8;-3.12
1;39;1;9003;1;1;123.0;1;37;37;9;9;110.0;0;0;1;0;0;0;48;0;11.1;0.6;2.02
2;43;1;9991;0;2;120.0;1;37;37;9;9;120.0;0;0;0;0;0;0;38;0;9.4;-0.8;-3.12
2;39;1;9991;0;12;133.1;1;37;1;9;4;138.4;0;0;0;1;1;0;30;0;7.6;2.6;0.32
1;1;2;9991;0;1;143.0;1;5;1;4;4;131.5;0;0;0;1;1;0;19;0;15.5;2.8;-4.06
1;17;4;9119;1;1;138.0;1;1;3;1;4;127.5;1;0;0;1;1;0;19;0;8.9;1.4;3.51
5;39;1;9147;1;1;133.1;1;1;19;4;7;114.0;0;0;0;0;1;0;29;0;8.9;1.4;3.51
1;17;1;9119;1;1;116.0;1;19;37;90;5;116.7;1;0;0;1;1;0;21;0;7.6;2.6;0.32
1;17;1;9254;1;1;133.0;1;19;1;9;9;137.2;0;0;0;1;1;1;20;0;10.8;1.4;1.74
1;39;1;9991;0;1;133.1;1;19;37;9;7;111.4;0;0;0;1;1;0;27;0;13.9;-0.3;0.79
1;18;2;9147;1;1;140.0;1;37;37;5;9;124.3;1;0;0;1;1;0;20;0;10.8;1.4;1.74
1;39;1;9147;1;19;100.0;1;38;19;7;9;132.0;0;0;1;0;1;0;28;0;10.8;1.4;1.74
1;44;1;9003;1;39;130.0;1;1;3;9;2;130.0;1;0;1;0;1;0;23;0;13.9;-0.3;0.79
1;1;6;9254;1;1;119.0;1;19;19;9;9;118.7;1;0;0;1;1;0;20;0;10.8;1.4;1.74
1;39;1;9991;0;39;150.0;1;19;19;9;9;150.3;0;0;0;1;1;0;24;0;10.8;1.4;1.74
1;17;1;9147;1;1;120.0;1;38;38;9;8;118.3;0;0;0;1;1;0;18;0;12.7;3.7;-1.7
1;43;1;171;1;39;140.0;1;38;37;9;7;140.0;0;0;0;0;1;0;25;0;15.5;2.8;-4.06
1;17;6;9147;1;1;130.0;1;37;37;9;9;110.4;1;0;0;1;1;0;25;0;7.6;2.6;0.32
1;17;4;9773;1;1;147.0;1;1;1;4;5;139.7;1;0;0;1;1;0;18;0;9.4;-0.8;-3.12
1;1;1;9147;1;1;148.0;1;19;1;7;5;138.3;1;0;0;1;1;0;19;0;12.4;0.5;1.79
1;1;5;9147;1;1;133.0;1;19;3;9;9;123.2;1;0;0;1;1;0;18;0;13.9;-0.3;0.79
1;42;1;9147;1;1;135.0;1;19;1;4;4;120.0;0;0;0;0;1;0;25;0;15.5;2.8;-4.06
1;39;1;171;1;1;116.0;1;34;34;0;0;127.0;1;0;0;1;1;0;38;0;7.6;2.6;0.32
1;44;1;171;1;39;110.0;1;1;1;1;7;114.2;0;0;0;1;1;0;19;0;12.4;0.5;1.79
1;7;1;9991;0;3;130.0;1;19;19;3;9;130.0;0;0;0;0;1;0;32;0;16.2;0.3;-0.92
1;17;1;9119;1;1;132.0;1;37;37;9;6;119.4;1;0;0;1;1;0;21;0;7.6;2.6;0.32
1;1;1;9254;1;1;125.0;1;1;3;4;1;121.9;1;0;0;1;1;0;18;0;10.8;1.4;1.74
1;1;1;9773;1;1;124.0;17;1;1;3;5;118.1;1;0;1;0;0;0;19;1;16.2;0.3;-0.92
1;39;1;9991;0;19;133.1;1;37;37;9;6;105.3;0;0;1;1;0;0;28;0;12.4;0.5;1.79
1;39;1;8014;0;39;110.0;1;19;37;9;8;127.5;0;0;1;0;0;0;26;0;16.2;0.3;-0.92
2;39;1;9147;1;12;133.1;1;37;37;9;9;120.0;0;0;0;1;0;0;25;0;9.4;-0.8;-3.12
2;43;2;9853;1;1;130.0;1;38;31;4;1;124.2;0;0;0;1;0;0;31;0;9.4;-0.8;-3.12
1;1;4;9238;1;1;133.1;1;1;37;8;9;118.0;1;0;0;1;0;0;19;0;12.7;3.7;-1.7
1;17;1;171;1;1;145.0;1;37;19;5;9;130.0;1;0;0;1;0;0;23;0;11.1;0.6;2.02
1;1;2;9238;1;1;147.0;1;19;38;9;8;135.8;1;0;0;1;0;1;19;0;13.9;-0.3;0.79
1;39;1;9670;1;1;120.0;1;34;34;0;0;104.0;1;0;0;1;0;0;24;0;7.6;2.6;0.32
1;17;5;9238;1;1;134.0;1;38;37;9;9;126.0;0;0;1;0;0;0;21;0;13.9;-0.3;0.79
1;17;2;9254;1;1;107.0;1;12;19;5;5;102.8;1;0;0;1;0;0;20;0;10.8;1.4;1.74
1;17;5;9147;1;1;133.0;1;1;1;4;4;129.2;1;0;0;1;0;0;19;0;7.6;2.6;0.32
1;1;6;9853;1;1;140.0;1;38;38;9;7;137.6;1;0;0;1;0;0;18;0;10.8;1.4;1.74
1;39;1;9085;1;19;133.1;1;37;37;4;8;140.0;0;0;0;1;0;0;35;0;11.1;0.6;2.02
1;39;1;8014;0;1;133.1;1;19;37;7;8;120.0;0;0;1;0;0;0;31;0;11.1;0.6;2.02
1;43;1;9254;1;1;134.0;1;37;37;9;9;133.3;1;0;1;1;0;0;19;0;7.6;2.6;0.32
1;17;3;9853;1;1;133.1;1;34;34;0;0;115.0;0;0;0;1;0;0;18;0;7.6;2.6;0.32
1;39;1;9991;0;1;120.0;1;37;37;9;9;120.0;1;0;0;0;1;0;25;0;9.4;-0.8;-3.12
1;39;1;9003;1;1;130.0;1;12;12;9;9;126.1;0;0;0;1;1;0;24;0;12.4;0.5;1.79
1;43;1;9991;0;1;161.0;1;37;37;9;9;100.0;1;0;0;1;0;0;27;0;7.6;2.6;0.32
2;43;1;9991;0;1;130.0;1;37;37;9;9;103.8;0;0;0;1;0;0;28;0;9.4;-0.8;-3.12
1;39;1;9991;0;1;110.0;1;37;37;7;7;133.9;0;0;0;1;0;0;30;0;10.8;1.4;1.74
1;7;1;9500;1;2;140.0;1;38;37;7;8;140.0;0;0;0;1;0;0;29;0;12.7;3.7;-1.7
2;1;1;9238;1;1;145.0;1;37;34;9;7;139.4;0;0;0;0;0;0;27;0;9.4;-0.8;-3.12
1;1;1;9238;1;1;122.0;1;19;19;193;194;112.6;0;0;0;1;0;0;19;0;12.4;0.5;1.79
1;17;1;9670;1;1;118.0;1;37;38;8;7;115.2;1;0;0;1;0;1;21;0;7.6;2.6;0.32
2;1;1;9991;0;1;150.0;1;37;37;9;9;131.8;0;0;0;0;0;0;29;0;10.8;1.4;1.74
2;43;1;9147;1;2;120.0;1;37;37;9;9;122.8;0;0;1;0;0;0;42;0;15.5;2.8;-4.06
1;17;3;9773;1;1;153.0;1;34;34;99;99;133.1;1;0;1;1;0;1;19;0;9.4;-0.8;-3.12
2;39;1;9991;0;1;133.1;1;37;37;6;3;140.0;0;0;1;1;1;0;37;0;9.4;-0.8;-3.12
1;7;1;9085;1;3;150.0;1;19;37;90;90;140.0;0;0;0;1;1;0;24;0;7.6;2.6;0.32
2;39;1;9130;1;19;133.1;1;2;1;8;8;120.0;1;0;1;0;1;0;28;0;16.2;0.3;-0.92
2;39;1;9773;1;1;100.0;1;37;37;9;9;133.0;0;0;0;1;1;0;47;0;12.7;3.7;-1.7
1;44;1;9130;1;39;150.0;1;37;37;9;3;150.0;1;0;0;1;1;0;21;0;13.9;-0.3;0.79
4;39;1;9500;1;19;133.1;1;37;37;6;6;117.8;0;0;1;0;0;0;46;0;11.1;0.6;2.02
1;1;2;9773;1;1;120.0;105;1;1;9;9;119.0;1;0;1;0;0;0;18;1;11.1;0.6;2.02
1;1;1;9500;1;1;154.0;1;37;37;9;9;149.5;1;0;0;1;0;1;30;0;13.9;-0.3;0.79
